;M;F;?;Year;LAT;VERN;
19936;;;1;;;1;
19937;1;;;1200-t;;1;bibere scriptor eat
19938;;;1;;1;;
19939;;;1;;1;;
19940;;;1;;;1;
19941;;;1;;;1;
19942;;;1;;;1;
19943;;;1;;;1;
19944;;;1;;;1;
19945;;;1;;1;;
19946;;;1;;1;;
19947;;;1;;1;;
19948;;;1;;1;;
19949;1;;;1400-t;1;;Sum scriptor talis
19950;;;1;;;1;
19951;;;1;;1;1;
19952;;;1;;;1;
19953;;;1;;1;;
19954;;;1;;1;;
19955;;;1;;1;;
19956;;;1;;1;;
19957;;;1;;1;;
19958;;;1;;1;;
19959;;;1;;1;;
19960;;;1;;1;;
19961;;;1;;1;;
19962;;;1;;1;;
19963;;;1;;1;;
19964;;;1;;1;;
19965;;;1;;1;;
19966;;;1;;1;;
19967;;;1;;1;;
19968;;;1;;1;;
19969;;;1;;1;;
19970;1;;;;1;;
19971;;;1;;1;;
19972;;;1;;1;;
19973;;;1;;1;;
19974;;;1;;1;;
19975;;;1;;1;;
19976;;;1;;1;;
19977;;;1;;1;;
19978;;;1;;1;;
19979;;;1;;1;;
19980;;;1;;1;;
19981;;;1;;1;;
19982;;;1;;1;;
19983;;;1;;1;;
19984;;;1;;1;;
19985;1;;;1300-t;1;;Assit ei lumen, qui scripsit istud volumen
19986;1;;;1300-t;1;;Assit ei lumen, qui scripsit istud volumen
19987;1;;;1300-t;1;;Assit ei lumen, qui scripsit istud volumen
19988;;;1;;1;;
19989;;;1;;1;;
19990;;;1;;1;;
19991;;;1;;1;;
19992;;;1;;1;;
19993;;;1;;1;;
19994;;;1;;1;;
19995;;;1;;1;;
19996;;;1;;1;;
19997;1;;;1300-t;1;;Qui scripsit scribat
19998;;;1;;1;;
19999;;;1;;1;;
20000;;;1;;1;;
20001;;1;;s. 13 and 15;1;;Assit principio sancta Maria meo. Katerina
20002;;;1;;1;;
20003;;;1;;1;;
20004;;;1;;1;;
20005;;;1;;1;;
20006;;;1;;1;;
20007;;;1;;1;;
20008;;;1;;1;;
20009;1;;;1300-t;1;;Manus scriptoris semper careat gravitate doloris
20010;;;1;;1;;
20011;1;;;1337;1;;Qui scripsit scribat
20012;;;1;;1;;
20013;;;1;;1;;
20014;1;;;1400-t;1;;Pro scriptore precem digneris
20015;1;;;1465;1;;Agnes sancta sui pennam scriptoris inauret
20016;;;1;;;1;
20017;;;1;;;1;
20018;;;1;;;1;
20019;;;1;;1;;
20020;;;1;;;1;
20021;;;1;;;1;
20022;;;1;;;1;
20023;;;1;;1;;
20024;;;1;;1;;
20025;;;1;;1;;
20026;;;1;;;1;
20027;1;;;1400-t;1;;Scriptori maneat pia px et vita perhennis
20028;;;1;;1;;
20029;1;;;1536;;1;Almen pregate dio per il schritore
20030;;;1;;1;;
20031;;;1;;;1;
20032;;;1;;;1;
20033;;;1;;;1;
20034;;;1;;;1;
20035;;;1;;;1;
20036;1;;;1432;;1;sit scriptor crimine liber
20037;;;1;;;1;
20038;;;1;;;1;
20039;;;1;;;1;
20040;;;1;;;1;
20041;;;1;;;1;
20042;;;1;;;1;
20043;;;1;;;1;
20044;;;1;;1;;
20045;;;1;;;1;
20046;1;;;1282;;;Finitur libro, provideatur magistro
20047;;;1;;1;;
20048;;;1;;1;;
20049;;;1;;1;;
20050;;;1;;1;;
20051;;;1;;1;;
20052;;;1;;;1;
20053;;;1;;;1;
20054;;;1;;;1;
20055;;;1;;;1;
20056;;;1;;;1;
20057;;;1;;;1;
20058;;;1;;;1;
20059;;;1;;1;;
20060;;;1;;;1;
20061;;;1;;1;;
20062;;;1;;1;;
20063;;;1;;1;;
20064;;;1;;1;;
20065;;;1;;1;;
20066;;;1;;1;1;
20067;;;1;;1;;
20068;;;1;;1;;
20069;;;1;;1;;
20070;;;1;;1;;
20071;;;1;;1;;
20072;;;1;;1;;
20073;1;;;1300-t;1;;Qui scripsit scripta
20074;;;1;;;1;
20075;;;1;;1;;
20076;;;1;;1;;
20077;;;1;;1;;
20078;1;;;1400-t;;1;Behut got den schreiber 
20079;;;1;;1;;
20080;;;1;;;1;
20081;;;1;;1;;
20082;;;1;;1;;
20083;;;1;;1;;
20084;;;1;;1;;
20085;;;1;;1;;
20086;;;1;;1;;
20087;;;1;;1;;
20088;;;1;;1;;
20089;;;1;;1;;
20090;;;1;;1;;
20091;;;1;;1;;
20092;;;1;;1;;
20093;;;1;;;1;
20094;;;1;;;1;
20095;;;1;;;1;
20096;;;1;;;1;
20097;;;1;;;1;
20098;;;1;;;1;
20099;;;1;;1;;
20100;1;;;1200;1;;Anima auctoris et scriptoris
20101;;;1;;1;;
20102;;;1;;1;;
20103;;;1;;1;1;
20104;;;1;;1;;
20105;;;1;;1;;
20106;;;1;;1;;
20107;;;1;;1;;
20108;;;1;;1;;
20109;;;1;;1;;
20110;;;1;;1;;
20111;;;1;;1;;
20112;;;1;;1;;
20113;;;1;;1;;
20114;;;1;;1;;
20115;;;1;;1;;
20116;;;1;;1;;
20117;;;1;;1;;
20118;;;1;;1;;
20119;;;1;;1;;
20120;;;1;;1;;
20121;;;1;;;1;
20122;;;1;;1;;
20123;1;;;1300-t;;1;Au clerc qui ce escript dont deus bonne aventure
20124;1;;;1400-t;1;;precium volt scriptor habere
20125;;;1;;1;;
20126;;;1;;1;;
20127;;;1;;1;;
20128;;;1;;1;;
20129;;;1;;1;;
20130;;;1;;1;;
20131;;;1;;1;;
20132;;;1;;1;;
20133;;;1;;1;;
20134;;;1;;1;;
20135;1;;;1400-t;;1;Ave maria voer die scriver
20136;;;1;;1;;
20137;1;;;1100-t;1;;Premia scriptori
20138;;;1;;1;1;
20139;;;1;;1;;
20140;1;;;800-t;1;;Felix sit qui scripsit
20141;;;1;;1;;
20142;;;1;;1;;
20143;;;1;;1;;
20144;;;1;;1;;
20145;;;1;;1;;
20146;;;1;;1;;
20147;;;1;;1;;
20148;1;;;1300-t;1;;Qui scripsit scribat
20149;;;1;;1;;
20150;1;;;1200-t;1;;Benedicat et custodiat scriptorem 
20151;;;1;;1;;
20152;;;1;;1;;
20153;;;1;;1;;
20154;;;1;;1;;
20155;;;1;;1;;
20156;;;1;;1;;
20157;;;1;;1;;
20158;;;1;;1;;
20159;;;1;;1;;
20160;;;1;;1;;
20161;;;1;;1;;
20162;;;1;;1;;
20163;;;1;;;1;
20164;;;1;;1;;
20165;;;1;;1;;
20166;;;1;;1;;
20167;;;1;;1;;
20168;;;1;;1;;
20169;;;1;;1;;
20170;;;1;;1;;
20171;;;1;;1;;
20172;;;1;;1;;
20173;1;;;1300-t;1;;Qui scripsit scribat
20174;1;;;1300-t;1;;Finito libro, dentur sua dona magistro
20175;;;1;;1;;
20176;;;1;;1;;
20177;;;1;;1;;
20178;;;1;;1;;
20179;;;1;;1;;
20180;1;;;1300-t;1;;reddantur vina magistro
20181;;;1;;1;;
20182;;;1;;1;;
20183;1;;;7-800-t;1;;Qui legis, ora pro scribtore
20184;;;1;;1;;
20185;;;1;;1;;
20186;;;1;;1;;
20187;;;1;;1;;
20188;;;1;;1;;
20189;;;1;;1;;
20190;;;1;;1;;
20191;;;1;;1;;
20192;;;1;;1;;
20193;1;;;1300-t;1;;Benedictus qui scripsit
20194;;;1;;1;;
20195;;;1;;1;;
20196;;;1;;1;;
20197;;;1;;1;;
20198;;;1;;1;;
20199;;;1;;1;;
20200;1;;;13-1400-t;1;;Benedictus sut qui hec scripsit
20201;1;;;1300-t;1;;Benedictus sut qui hec scripsit
20202;;;1;;1;;
20203;1;;;1400-t;1;;immemor scriptoris ne existat
20204;1;;;1478;1;;largiatur scriptori vitam eternam
20205;;;1;;1;;
20206;;;1;;;1;
20207;;;1;;;1;
20208;;;1;;;1;
20209;;;1;;1;;
20210;;;1;;1;;
20211;;;1;;1;;
20212;;;1;;;1;
20213;;1;;1451;;1;Pit den almechtigen god …für die schreiberin, die dise legent geschriben hat
20214;;1;;1463;;1;Biddet dorch die lieffde godes eyn Ave Maria vur eyn arme sunderynne, die dit boich geschrevin hait
20215;;;1;;;1;
20216;1;;;1400-t;;1;Bittend got für den schriber
20217;1;;;1438;;1;Bittet gott für den schreiber
20218;1;;;1453;;1;Pitt gott für den screiber
20219;;1;;;;1;Bitt gott für die arme schriberin
20220;;1;;;;1;Pitt got fur die schreiberin
20221;;1;;1443;;1;Pitt got fur die schreyberin
20222;;1;;1498;;1;Biten got für die schriberin mit ain Ave Maria
20223;;;1;;;1;
20224;1;;;1435;;1;Biddet god vor den schryver
20225;1;;;1437;;1;Bidt om god willen voer den scriver
20226;;1;;1560;;1;Bidt om gods wil voor dese scryfster
20227;;1;;1473;;1;Bidt om gods wille voer di scrijverse
20228;;1;;1545;;1;Bidt om gods wil voer die scrijverse
20229;;1;;1542;;1;Biddet vor de armen schrijverschen
20230;;1;;1501;;1;Biddet voer den scrijfster om gods willen
20231;1;;;1400-t;;1;Biddet vor den scriver post mortem
20232;1;;;1557;;1;Bidt voor den scryver
20233;;1;;14-1500-t;;1;Bidt voer die dit scref
20234;;1;;1469;;1;Bidt voir die gheen (?) die dit hebben ghescreven
20235;;1;;1470;;1;Bidt voir die gheen (?) die dit hebben ghescreven
20236;;1;;1505;;1;Bidt voir die ghene (?) dien screef 
20237;;1;;1400-t;;1;Bidt voer die scrijfster om god
20238;1;;;1500-t;;1;Bidt voer di scriver 
20239;;1;;1445;;1;Byfdt voer die scrijveresse 
20240;;1;;1465;;1;Bidt voer die scriversche
20241;;;1;;;1;
20242;;;1;;1;1;
20243;;;1;;;1;
20244;;;1;;;1;
20245;;;1;;;1;
20246;;;1;;;1;
20247;1;;;1400-t;1;;Candidior stella me diligat una puella…
20248;;;1;;1;;
20249;;;1;;1;;
20250;1;;;1420;1;;Qui scripsit carmen sit benedictus
20251;1;;;1400-t;1;;Scriptoris dextra salvetur
20252;;;1;;1;;
20253;1;;;1100-t;1;;Finito libro, tunica reddatur magistro
20254;;;1;;1;;
20255;;;1;;1;;
20256;;;1;;1;;
20257;;;1;;;1;
20258;;;1;;;1;
20259;;;1;;;1;
20260;;;1;;;1;
20261;;;1;;;1;
20262;;;1;;;1;
20263;1;;;1300-t;1;;Librum qui scripsit
20264;1;;;1300-t;;1;celui qui lescrit
20265;1;;;1400-t;;1;celui qui lescrit
20266;1;;;1400-t;;1;celui qui lescrit
20267;1;;;1300-t;;1;celui qui cest livre escrit
20268;1;;;1420;;1;celui qui cesti livre escrist
20269;1;;;;;1;celui qui cesti livre escrist
20270;;;1;1400-t;;1;
20271;1;;;1468;;1;par la main dun homme …
20272;;;1;;;1;
20273;;;1;;;1;
20274;;;1;;;1;
20275;;;1;;;1;
20276;;;1;;;1;
20277;1;;;;1;;Coepi hunc libellum, sed pueri nostri, quos docui, meo iuvamine perscripserunt
20278;;;1;;1;;
20279;;;1;;;1;
20280;1;;;1448;;1;prieghi idio per lo scrictore
20281;1;;;1400-t;;1;per cholui che qui scripto l'a
20282;;;1;;;1;
20283;;;1;;;1;
20284;;;1;;;1;
20285;;;1;;;1;
20286;;;1;;1;;
20287;1;;;;1;;Christe scriptorem salvet
20288;;;1;;1;;
20289;1;;;;1;;Qui scripsit valeat
20290;;;1;;1;;
20291;;;1;;1;;
20292;1;;;;1;;Qui scripsit scribat
20293;;;1;;1;;
20294;;;1;;1;;
20295;;;1;;1;;
20296;;;1;;1;;
20297;;;1;;1;;
20298;;;1;;1;;
20299;;;1;;1;;
20300;;;1;;1;;
20301;1;;;;1;;Christus scriptorem salvat
20302;1;;;;1;;Christus scriptorem salvet
20303;1;;;;1;;Christus scriptorem salvet
20304;;;1;;;1;
20305;;;1;;;1;
20306;;;1;;;1;
20307;;;1;;;1;
20308;;;1;;;1;
20309;;;1;;;1;
20310;1;;;1283;;1;qui scripsit (sit) benedictus
20311;;;1;;1;;
20312;;;1;;1;;
20313;;;1;;1;;
20314;1;;;1300-t;1;;Qui transcripsit eum
20315;;;1;;1;;
20316;;;1;;1;;
20317;1;;;900-t;1;;Codicis istius scriptor
20318;1;;;1461;1;;Codicis istius scriptor
20319;1;;;1200-t;1;;Et pro scriptore devoto supplicet ore
20320;;;1;;;1;
20321;;;1;;1;;
20322;;;1;;1;;
20323;;;1;;1;;
20324;;;1;;1;;
20325;;;1;;1;;
20326;;;1;;1;;
20327;;;1;;1;;
20328;;;1;;1;;
20329;;;1;;1;;
20330;;;1;;1;;
20331;;;1;;1;;
20332;;;1;;1;;
20333;;;1;;1;;
20334;;;1;;1;;
20335;1;;;700-t;1;;Ora pro scriptoris (!)
20336;;;1;;;1;
20337;;;1;;1;;
20338;1;;;1400-t;1;;Corpus scriptoris salvet
20339;;;1;;1;;
20340;;;1;;1;;
20341;1;;;1100-t;1;;scriptor
20342;;;1;;1;;
20343;;;1;;1;;
20344;;;1;;1;;
20345;;;1;;1;;
20346;;;1;;1;;
20347;;;1;;1;;
20348;;;1;;1;;
20349;;;1;;1;;
20350;;;1;;1;;
20351;;;1;;1;;
20352;1;;;1400-t;1;;Cuius scriptorem regat
20353;1;;;1462;1;;precium volt scriptor habere
20354;1;;;1200-t;1;;scriptori cena paretur
20355;1;;;1400-t;1;;memoratus sit tibi scriptor
20356;;;1;;1;;
20357;;;1;;1;;
20358;;;1;;1;;
20359;1;;;1400-t;1;;Orate pro me ingrato peccatore
20360;;;1;;1;;
20361;1;;;;1;;
20362;;;1;;1;;
20363;1;;;13-1400-t;1;;Da, deus eterne, scriptori premia vite
20364;;;1;;1;;
20365;;;1;;1;;
20366;;;1;;1;;
20367;;;1;;;1;
20368;;;1;;1;;
20369;;;1;;1;;
20370;;;1;;;1;
20371;;;1;;1;;
20372;;;1;;;1;
20373;1;;;1400-t;;1;Biddet vor den scriver post mortem
20374;;;1;;;1;
20375;;;1;;;1;
20376;;;1;;;1;
20377;;;1;;;1;
20378;;;1;;;1;
20379;;;1;;;1;
20380;;;1;;;1;
20381;;;1;;;1;
20382;;;1;;;1;
20383;;;1;;;1;
20384;;;1;;;1;
20385;;;1;;;1;
20386;;;1;;;1;
20387;;;1;;;1;
20388;;;1;;;1;
20389;;;1;;;1;
20390;;;1;;1;;
20391;;;1;;1;;
20392;;;1;;1;;
20393;;;1;;1;;
20394;;;1;;1;;
20395;;;1;;1;;
20396;;;1;;1;;
20397;;;1;;1;;
20398;;;1;;1;;
20399;;;1;;1;;
20400;;;1;;1;;
20401;;;1;;1;;
20402;;;1;;1;;
20403;;;1;;1;;
20404;;;1;;1;;
20405;;;1;;1;;
20406;;;1;;1;;
20407;;;1;;1;;
20408;1;;;1400-t;1;;scriptori scribenti
20409;;;1;;1;;
20410;;;1;;1;;
20411;;;1;;1;;
20412;1;;;1400-t;1;;Iam scriptor siste
20413;;;1;;1;;
20414;;;1;;1;;
20415;;;1;;;1;
20416;;;1;;1;;
20417;;;1;;1;;
20418;;;1;;1;;
20419;;;1;;1;;
20420;;;1;;1;;
20421;;;1;;1;;
20422;1;;;1454;1;;Cedant perpetue scriptori gaudia vite
20423;;;1;;1;;
20424;;;1;;1;;
20425;;;1;;1;;
20426;;;1;;1;;
20427;;;1;;1;;
20428;1;;;;1;;Dentur pro pena scriptori celica regna
20429;1;;;1100-t;1;;Dentur pro pena scriptori celica regna
20430;1;;;1400-t;1;;Dentur pro penis scriptori gaudia celi
20431;1;;;1400-t;1;;Dentur pro penna scriptori celi(ca) regna
20432;1;;;1360;1;;Dentur pro penna scriptori celica regna
20433;1;;;;1;;Dentur scriptori pro penna celica regna
20434;;;1;;1;;
20435;;;1;;1;;
20436;;;1;;1;;
20437;;;1;;1;;
20438;;;1;;1;;
20439;;;1;;1;;
20440;;;1;;1;;
20441;;;1;;1;;
20442;;;1;;1;;
20443;;;1;;1;;
20444;;;1;;1;;
20445;;;1;;1;;
20446;;;1;;1;;
20447;;;1;;1;;
20448;;;1;;1;;
20449;;;1;;1;;
20450;;;1;;1;;
20451;;;1;;1;;
20452;;;1;;1;;
20453;;;1;;1;;
20454;;;1;;1;;
20455;;;1;;1;;
20456;;;1;;1;;
20457;;;1;;1;;
20458;;;1;;1;;
20459;;;1;;1;;
20460;;;1;;1;;
20461;;;1;;1;;
20462;;;1;;1;;
20463;;;1;;1;;
20464;;;1;;1;;
20465;1;;;1400-t;1;;Set pro me scriptore deum exorare
20466;;;1;;1;;
20467;;;1;;1;;
20468;;;1;;1;;
20469;;;1;;1;;
20470;;;1;;1;;
20471;;;1;;1;;
20472;;;1;;1;;
20473;;;1;;1;;
20474;;;1;;1;;
20475;;;1;;1;;
20476;;;1;;1;;
20477;;;1;;1;;
20478;;;1;;1;;
20479;;;1;;1;;
20480;;;1;;1;1;
20481;;;1;;1;;
20482;;;1;;1;;
20483;;;1;;1;;
20484;;;1;;1;;
20485;;;1;;1;;
20486;;;1;;1;;
20487;;;1;;1;;
20488;;;1;;1;;
20489;;;1;;1;;
20490;;;1;;1;;
20491;;;1;;1;;
20492;1;;;1465;1;;scriptus et feliciter completus per quendam monachum
20493;;;1;;1;;
20494;;;1;;1;;
20495;;;1;;1;;
20496;;;1;;1;;
20497;;;1;;1;;
20498;;;1;;1;;
20499;;;1;;1;;
20500;;;1;;1;;
20501;;;1;;1;;
20502;;;1;;1;;
20503;;;1;;1;;
20504;;;1;;1;;
20505;;;1;;1;;
20506;;;1;;1;;
20507;;;1;;1;;
20508;;;1;;1;;
20509;;;1;;1;;
20510;;;1;;1;;
20511;;;1;;1;;
20512;;;1;;1;;
20513;;;1;;1;;
20514;;;1;;1;;
20515;;;1;;1;;
20516;;;1;;1;;
20517;;;1;;1;;
20518;;;1;;1;;
20519;;;1;;1;;
20520;;;1;;1;;
20521;;;1;;1;;
20522;;;1;;1;;
20523;;;1;;1;;
20524;1;;;800-t;1;;Orate pro scriptore
20525;;;1;;1;;
20526;;;1;;1;;
20527;;;1;;1;;
20528;;;1;;1;;
20529;;;1;;1;;
20530;;;1;;1;;
20531;;;1;;1;;
20532;;;1;;1;;
20533;;;1;;1;;
20534;;;1;;1;;
20535;;;1;;1;;
20536;;;1;;1;;
20537;1;;;1300-t;1;;Scriptori requiem paradisi dat deus
20538;;;1;;1;;
20539;;;1;;1;;
20540;;;1;;1;;
20541;1;;;1400-t;1;;Deo laus nec associetur scriptoris fraus
20542;;;1;;1;;
20543;1;;;1412;1;;Oretis … pro scriptore unum Ave Maria
20544;;;1;;1;;
20545;;;1;;1;;
20546;;;1;;1;;
20547;;;1;;1;;
20548;;;1;;1;;
20549;;;1;;1;;
20550;;;1;;1;;
20551;;;1;;1;;
20552;;;1;;1;;
20553;;;1;;1;;
20554;;;1;;1;;
20555;;;1;;1;;
20556;;;1;;1;;
20557;;;1;;1;;
20558;;;1;;1;;
20559;;;1;;1;;
20560;1;;;1300-t;1;;scriptor tenuit bene pactum
20561;;;1;;;1;
20562;;;1;;;1;
20563;1;;;1410;;1;Der geb dem schreijber sein lon
20564;1;;;1200-t;;1;Der geschriben hat daz buch
20565;1;;;1400-t;;1;Bid voor den scrivere
20566;1;;;1300-t;;1;Der schreiber bleive vro und gesunt
20567;;;1;;;1;
20568;1;;;1398;;1;si in eweicheit vor wliken scrijver ic beghere werden ghebeden
20569;;;1;;;1;
20570;1;;;12-1300-t;;1;Das schreibers lon Das sint drei paun
20571;;;1;;1;;
20572;;;1;;1;;
20573;;;1;;;1;
20574;;;1;;1;;
20575;;;1;;1;;
20576;1;;;1236-37;1;;Qui scripsit scribat
20577;;;1;;1;;
20578;1;;;1450;1;;Detur cum pullo scriptori pulchra puella
20579;;;1;;1;;
20580;1;;;1300-t;1;;Detur pro pena scriptori plena lagena
20581;1;;;1300-t;1;;Detur pro pena scriptori pulchra puella
20582;1;;;1448;1;;Detur pro pena scriptori pulcra puela
20583;1;;;;1;;Detur pro pen(n)s scriptori meretrix magna
20584;1;;;1300-t;1;;Detur pro pen(n)a scriptori virgo Maria
20585;1;;;1300-t;1;;Detru pro penna scriptori nigra Rebecka (Ductrix sit penne sancta Maria mee)
20586;1;;;1200-t;1;;Detur pro penna scriptori pulchra femina
20587;1;;;1200-t;1;;Detur pro penna scriptori pulchra puella
20588;1;;;1342;1;;Detur pro penna scriptori pulchra puella
20589;1;;;1383;1;;Detur pro penna scriptori pulchra puella
20590;1;;;1400-t;1;;Detur scriptori pro pena gloria celi
20591;1;;;1400-t;1;;Detur scriptori pro pena lux paradisi
20592;1;;;1100-t;1;;dirige mentem et manus huius scriptoris…
20593;;;1;;1;;
20594;;;1;;1;;
20595;;;1;;1;;
20596;1;;;1458;1;;Deus libri huius scriptorem
20597;;;1;;1;;
20598;;;1;;1;;
20599;1;;;1400;1;;Deus, propicius esto michi peccatori
20600;;;1;;1;;
20601;;;1;;1;;
20602;;;1;;1;;
20603;;;1;;1;;
20604;;;1;;;1;
20605;;;1;;1;;
20606;1;;;;1;;Dextera scriptoris
20607;1;;;;1;;Dextera scriptoris
20608;1;;;;1;;Dextera scriptoris
20609;1;;;;1;;Dextera scriptoris
20610;1;;;;1;;Dextera scriptoris
20611;1;;;;1;;Dextera scriptoris
20612;1;;;;1;;Dextera scriptoris
20613;1;;;;1;;Dextera scriptoris
20614;1;;;;1;;Dextera scriptoris
20615;;;1;;1;;
20616;;;1;;1;;
20617;1;;;;1;;Dextera scriptoris
20618;1;;;;1;;Dextera scriptoris
20619;;;1;;1;;
20620;;;1;;1;1;
20621;1;;;;1;;qui scripsit
20622;1;;;;1;;qui scripsit
20623;1;;;;1;;Dexteram scriptoris
20624;;;1;;;1;
20625;;;1;;1;;
20626;;;1;;1;;
20627;1;;;1300-t;1;;Verba scriptoris
20628;;;1;;;1;
20629;;;1;;;1;
20630;;;1;;;1;
20631;;;1;;;1;
20632;;;1;;;1;
20633;;;1;;;1;
20634;;;1;;1;;
20635;1;;;1100-t;1;;Qui scripsit valeat
20636;;;1;;1;;
20637;1;;;1270;1;;Scriptorem, si quis verbis reprobarit iniquis
20638;;;1;;;1;
20639;;;1;;;1;
20640;;;1;;;1;
20641;;;1;;;1;
20642;;;1;;;1;
20643;;;1;;;1;
20644;;;1;;;1;
20645;;;1;;;1;
20646;;;1;;;1;
20647;;;1;;;1;
20648;;;1;;;1;
20649;;;1;;;1;
20650;;1;;1461;;1;Dit boec wort gheeynt op sinte Clara ioncfrou hoer avent int iaer ons heren duysent vier hondert een ende tsestich.
20651;;;1;;;1;
20652;;1;;1451;;1;eynenvüftich des saterdachs na onser vrouwen vysentacien
20653;;;1;;;1;
20654;;;1;;;1;
20655;;;1;;;1;
20656;;;1;;1;;
20657;;;1;;;1;
20658;1;;;1412;1;;per quendam fratrem ordinis carthusiensis
20659;;;1;;1;;
20660;;;1;;1;;
20661;1;;;1300;1;;Dixit qui scripsit
20662;;;1;;;1;
20663;;;1;;;1;
20664;1;;;1200-t;1;;Sit pax scriptori
20665;;;1;;1;;
20666;;;1;;1;;
20667;1;;;1487;;1;(? Sjekk m/Aidan) Diet screef was een sympel clerck, Syvert Allerts zoen was sinen naem enz
20668;1;;;1433;1;;Scriptori requiem tribuat deus
20669;;;1;;1;;
20670;;;1;;1;;
20671;;;1;;1;;(sjekk m/Aidan
20672;;;1;;1;;
20673;;;1;;1;;
20674;;;1;;1;;
20675;;;1;;1;;
20676;1;;;9-1000-t;1;;Servus qui scripsit
20677;;;1;;1;;
20678;;;1;;1;;
20679;1;;;11-1200-t;1;;Dona scriptori
20680;1;;;1166;1;;Dona scriptori
20681;;;1;;1;;
20682;;;1;;1;;
20683;1;;;;1;;Qui scripsit hec scripta
20684;;;1;;1;;
20685;;;1;;1;;
20686;;;1;;1;;
20687;;;1;;1;1;
20688;;;1;;1;;
20689;;;1;;1;;(Ductrix sit penne, sancta Maria, mee)
20690;;;1;;1;;
20691;;;1;;1;;
20692;;;1;;1;;
20693;;;1;;1;;
20694;;;1;;1;;
20695;;;1;;1;;
20696;1;;;1100-t;1;;Durent scriptoris cum laudibus
20697;;;1;;;1;
20698;;;1;;;1;
20699;;;1;;1;;
20700;;;1;;1;;
20701;1;;;1400-t;1;;scriptori premia dentur
20702;;;1;;1;;
20703;;;1;;1;;
20704;;;1;;1;;
20705;;;1;;1;;
20706;;;1;;1;;
20707;;;1;;1;;
20708;;;1;;1;;
20709;1;;;11-1200-t;1;;Ego, qui hoc scripsi
20710;1;;;1400;1;;Ego quidem qui scripsi 
20711;;;1;;1;;
20712;;;1;;1;;
20713;;;1;;;1;
20714;;;1;;;1;
20715;;;1;;;1;
20716;;;1;;;1;
20717;;;1;;;1;
20718;;;1;;;1;
20719;1;;;1400-t;;1;Eyn Ave Maria vor den scriver
20720;;1;;1450;;1;Een Ave Maria voer die ghene (?), diet heven ghescreven
20721;1;;;1400-t;;1;Orate pro me peccatore
20722;;;1;;1;;
20723;;;1;;1;;
20724;;;1;;1;;
20725;;;1;;1;;
20726;;;1;;;1;
20727;1;;;1200-t;1;;Qui scripsit hunc librum
20728;;;1;;1;;
20729;;;1;;;1;
20730;;;1;;;1;
20731;;;1;;;1;
20732;;;1;;1;;
20733;;;1;;1;;
20734;;;1;;;1;
20735;;;1;;1;;
20736;;;1;;;1;
20737;;;1;;1;;
20738;;;1;;1;;
20739;1;;;1300-t;1;;Qui scripsit hunc librum
20740;1;;;1400-t;1;;Ergo, fratres, mente pia
20741;;;1;;1;;
20742;1;;;1453;1;;Ergo scriptoris nomen patriamque tacebo
20743;;;1;;1;;
20744;;;1;;;1;
20745;;;1;;1;;
20746;;;1;;1;;
20747;;;1;;1;;
20748;;;1;;1;;
20749;;;1;;1;;
20750;;;1;;1;;
20751;1;;;1300-t;1;;qui scripsit sit benedictus
20752;1;;;1288;1;;qui scripsit sit benedictus
20753;1;;;1300-t;1;;qui scripsit sit benedictus
20754;1;;;1200-t;1;;qui scripsit sit benedictus
20755;;;1;;1;;
20756;1;;;800-t;1;;qui scripsit sit benedictus
20757;1;;;1300-t;1;;qui scripsit sit benedictus
20758;1;;;1300-t;1;;qui scripsit sit benedictus
20759;1;;;1300-t;1;;qui scripsit sit benedictus
20760;;;1;;1;;
20761;;;1;;1;;
20762;1;;;1317;1;;scriptori tradite potum
20763;1;;;1200-t;1;;sit scriptor crimine liber
20764;1;;;1200-t;1;;ludere scriptor eat
20765;;;1;;1;;
20766;;;1;;;1;
20767;;;1;;1;;
20768;;;1;;1;;
20769;;;1;;1;;
20770;;;1;;1;;
20771;;;1;;1;;
20772;;;1;;1;;
20773;;;1;;;1;
20774;;;1;;1;;
20775;;;1;;;1;
20776;;;1;;1;;
20777;;;1;;1;;
20778;;;1;;1;;
20779;;;1;;1;;
20780;;;1;;1;;
20781;;;1;;1;;
20782;1;;;1300-t;1;;sit possessor et scriptor
20783;;;1;;1;;
20784;;;1;;1;;
20785;;;1;;1;;
20786;1;;;1453;1;;qui scripsit sit benedictus
20787;;;1;;1;;
20788;;;1;;1;;
20789;;;1;;1;;
20790;;;1;;1;;
20791;;;1;;1;;
20792;;;1;;;1;
20793;;;1;;1;;
20794;1;;;1400-t;1;;Et qui scribi fecit, sit benedictus 
20795;;;1;;1;;
20796;;;1;;1;;
20797;;;1;;1;;
20798;;;1;;1;;
20799;;;1;;1;;
20800;;;1;;1;;
20801;;;1;;1;;
20802;;;1;;1;;
20803;;;1;;1;;
20804;;;1;;1;;
20805;;;1;;1;;
20806;;;1;;1;;
20807;;;1;;1;;
20808;;;1;;1;;
20809;;;1;;1;;
20810;;;1;;1;;
20811;;;1;;1;;
20812;;;1;;1;;
20813;;;1;;1;;
20814;;;1;;1;;
20815;;;1;;;1;
20816;;;1;;1;;
20817;;;1;;1;;
20818;;;1;;1;;
20819;;;1;;1;;
20820;;;1;;1;;
20821;;;1;;1;;
20822;;;1;;1;;
20823;;;1;;1;;
20824;;;1;;1;;
20825;;;1;;1;;
20826;;;1;;1;;
20827;;;1;;1;;
20828;;;1;;1;;
20829;;;1;;1;;
20830;;;1;;1;;
20831;;;1;;1;;
20832;;;1;;1;;
20833;;;1;;1;;
20834;;;1;;1;;
20835;;;1;;1;;
20836;;;1;;1;;
20837;;;1;;1;;
20838;;;1;;1;;
20839;;;1;;1;;
20840;;;1;;1;;
20841;;;1;;1;;
20842;;;1;;1;;
20843;;;1;;1;;
20844;;;1;;1;;
20845;;;1;;1;;
20846;;;1;;1;1;
20847;;;1;;1;;
20848;;;1;;1;;
20849;;;1;;1;;
20850;;;1;;1;;
20851;;;1;;1;;
20852;;;1;;1;;
20853;;;1;;1;1;
20854;1;;;1433;1;;scriptor vult pretium habere
20855;;;1;;1;;
20856;;;1;;1;;
20857;;;1;;1;;
20858;;;1;;1;;
20859;;;1;;1;;
20860;;;1;;1;;
20861;;;1;;1;;
20862;;;1;;1;;
20863;;;1;;1;;
20864;1;;;1400-t;1;;Qui scripsit finem
20865;;;1;;1;;
20866;1;;;1400-t;1;;precium vult scriptor habere
20867;;;1;;1;;
20868;;;1;;1;;
20869;;;1;;1;1;
20870;;;1;;1;;
20871;;;1;;1;;
20872;;;1;;1;1;
20873;;;1;;1;;
20874;;;1;;1;;
20875;;;1;;1;;
20876;;;1;;1;;
20877;;;1;;1;;
20878;;;1;;1;;
20879;;;1;;1;;
20880;;;1;;1;;
20881;;;1;;1;;
20882;;;1;;1;;
20883;;;1;;1;;
20884;;;1;;1;;
20885;;;1;;1;;
20886;;;1;;1;;
20887;;;1;;1;;
20888;;;1;;;1;
20889;;;1;;1;;
20890;1;;;1300-t;1;;qui scripsit (sit) benedictus
20891;;;1;;1;;
20892;1;;;1300-t;1;;qui scripsit sit benedictus
20893;;;1;;1;;
20894;;;1;;1;;
20895;1;;;1300-t;1;;Excusetur scriptor
20896;;;1;;1;;
20897;;;1;;1;;
20898;;;1;;1;;
20899;1;;;1100-t;1;;Scriptorem gratis sinus excipiat
20900;;;1;;1;;
20901;;;1;;1;;
20902;;;1;;1;;
20903;;;1;;1;;
20904;;;1;;1;;
20905;;;1;;1;;
20906;;;1;;1;;
20907;;;1;;1;;
20908;1;;;1400-t;1;;Dextra scriptoris
20909;;;1;;1;;
20910;;;1;;1;;
20911;;;1;;1;;
20912;1;;;1000-t;1;;ludere scriptor eat
20913;;;1;;1;;
20914;;;1;;1;;
20915;;;1;;1;;
20916;;;1;;1;;
20917;1;;;1400-t;1;;Scriptori posco solamen
20918;;;1;;1;;
20919;;;1;;;1;
20920;;;1;;1;;
20921;;;1;;1;1;
20922;;;1;;1;;
20923;;;1;;1;;
20924;;;1;;1;;
20925;;;1;;1;;
20926;1;;;1200-t;1;;ludere scriptor eat
20927;1;;;;1;;Et sic laudetur scriptori vitaeque dicto
20928;1;;;1300-t;1;;Qui scripsit scribat
20929;;;1;;1;;
20930;;;1;;1;;
20931;;;1;;1;;
20932;1;;;1200-t;1;;qui scripsit (sit) benedictus
20933;1;;;1433;1;;qui scripsit sit benedictus
20934;;;1;;1;;
20935;;;1;;1;;
20936;;;1;;1;;
20937;1;;;1300-t;1;;bibere scriptor eat
20938;;;1;;1;;
20939;1;;;;1;;ludere scriptor eat
20940;1;;;;1;1;ludere scriptor eat
20941;1;;;;1;;ludere scriptor eat
20942;1;;;;1;;ludere scriptor eat
20943;1;;;;1;;ludere scriptor eat
20944;1;;;;1;;ludere scriptor eat
20945;1;;;;1;;ludere scriptor eat
20946;1;;;;1;;ludere scriptor eat
20947;1;;;;1;;ludere scriptor eat
20948;1;;;;1;;ludere scriptor eat
20949;1;;;;1;;ludere scriptor eat
20950;1;;;;1;;ludere scriptor eat
20951;1;;;;1;;ludere scriptor eat
20952;1;;;;1;;ludere scriptor eat
20953;1;;;;1;;ludere scriptor eat
20954;1;;;;1;;ludere scriptor eat
20955;1;;;;1;;ludere scriptor eat
20956;1;;;;1;;ludere scriptor eat
20957;1;;;;1;;ludere scriptor eat
20958;1;;;;1;;ludere scriptor eat
20959;1;;;;1;;ludere scriptor eat
20960;1;;;;1;;ludere scriptor eat
20961;1;;;;1;;ludere scriptor eat
20962;1;;;;1;;ludere scriptor eat
20963;1;;;;1;;ludere scriptor eat
20964;1;;;;1;;psallere scriptor eat
20965;1;;;;1;;scriptor ludere eat
20966;1;;;;1;;ludere scriptor eat
20967;1;;;;1;;ludere scriptor eat
20968;1;;;;1;;ludere scriptor eat
20969;1;;;;1;;ludere scriptor eat
20970;1;;;;1;;ludere scriptor eat
20971;1;;;;1;;ludere scriptor eat
20972;1;;;;1;;ludere scriptor eat
20973;1;;;;1;;ludere scriptor eat
20974;1;;;;1;;ludere scriptor eat
20975;;;1;;1;;
20976;;;1;;1;;
20977;1;;;1300-t;1;;scriptor ludendum eat
20978;;;1;;1;;
20979;;;1;;1;;
20980;1;;;1449;1;;Qui scripsit carmen sit benedictus
20981;;;1;;;1;
20982;;;1;;;1;
20983;;;1;;1;;
20984;;;1;;1;;
20985;;;1;;1;;
20986;;;1;;1;;
20987;;;1;;1;;
20988;;;1;;1;;
20989;;;1;;1;;
20990;;;1;;1;;
20991;;;1;;1;;
20992;;;1;;1;;
20993;;;1;;1;;
20994;;;1;;1;;
20995;;;1;;1;;
20996;;;1;;1;;
20997;;;1;;1;;
20998;;;1;;1;;
20999;;;1;;1;;
21000;;;1;;1;;
21001;1;;;1100-t;1;;orent (sic) pro scriptore
21002;1;;;1400-t;1;;quem scriptor finit
21003;1;;;1200-t;1;;qui scripsit sit benedictus
21004;1;;;1400-t;1;;qui scripsit vivat feliciter
21005;;;1;;1;;
21006;1;;;1400-t;1;;scriptor sit crimine liber
21007;1;;;1400-t;1;;scriptor sit crimine liber
21008;1;;;1300-t;1;;sit scriptor crimine liber
21009;1;;;1400-t;1;;sit scriptor crimine liber
21010;1;;;1200-t;1;;sit scriptor crimine liber
21011;;;1;;1;;
21012;;;1;;1;;
21013;;;1;;1;;
21014;1;;;1200-t;1;;qui scripsit sit benedictus
21015;;;1;;1;;
21016;;;1;;1;;
21017;;;1;;1;;
21018;;;1;;1;;
21019;;;1;;1;;
21020;;;1;;1;;
21021;;;1;;1;;
21022;;;1;;1;;
21023;1;;;1300-t;1;;ludere scriptor eat
21024;1;;;1200-t;1;;qui scripsit sit benedictus
21025;;;1;;1;;
21026;;;1;;1;;
21027;;;1;;1;;
21028;;;1;;1;;
21029;;;1;;1;;
21030;;;1;;1;;
21031;;;1;;1;;
21032;;;1;;1;;
21033;;;1;;1;;
21034;;;1;;1;;
21035;;;1;;1;;
21036;;;1;;1;;
21037;;;1;;1;;
21038;;;1;;1;;
21039;;;1;;1;;
21040;;;1;;1;;
21041;;;1;;1;;
21042;;;1;;1;;
21043;;;1;;1;;
21044;;;1;;1;1;
21045;;;1;;1;;
21046;;;1;;1;;
21047;;;1;;1;;
21048;1;;;1300-t;1;;Vinum scriptori tradetur
21049;;;1;;1;;
21050;;;1;;1;;
21051;;;1;;1;;
21052;;;1;;1;;
21053;;;1;;1;;
21054;;;1;;1;;
21055;1;;;1200-t;1;;ludere scriptor eat
21056;1;;;1444;1;;scriptor non unum bibit potum
21057;;;1;;1;;
21058;1;;;1400-t;1;;scriptor vult precium habere
21059;1;;;1300-t;1;;vinum vult scriptorn habere
21060;;;1;;1;;
21061;;;1;;1;;
21062;;;1;;1;;
21063;;;1;;1;;
21064;;;1;;1;;
21065;1;;;1300-t;1;;sit scriptor crimine liber
21066;;1;;s. 15(1);;1;Explicit, inde pie grates reddamus vota Marie. / Iste cesies cadex pars grata sophie. Hye hat ein end diczt püchlein, / Von hübschsen sitten und tugend vein. / Des sey gelobt Maria schon / Und got vill in dem hochsten tron. Amen.
21067;;;1;;;1;
21068;;;1;;1;;
21069;;;1;;1;;
21070;;;1;;1;;
21071;;;1;;1;;
21072;;;1;;1;;
21073;;;1;;1;;
21074;;;1;;1;;
21075;;;1;;1;;
21076;;;1;;1;;
21077;1;;;1400-t;1;;Disce, puer, dum tempus habes
21078;1;;;1100-t;1;;modo sum, velut estimo, liber
21079;;;1;;1;;
21080;1;;;1200-t;1;;poscit sua iura magister
21081;;;1;;1;;
21082;;;1;;1;;
21083;;;1;;1;;
21084;1;;;1200-t;;1;qui scripsit sit ille liber
21085;;;1;;1;;
21086;;;1;;1;;
21087;1;;;;1;;quoniam scriptor est homo liber
21088;1;;;;1;;scriptor sit crimine liber
21089;1;;;;1;;scriptor sit crimine liber
21090;1;;;;1;;scriptor sit crimine liber
21091;1;;;;1;;scriptor sit crimine liber
21092;1;;;;1;;scriptor sit crimine liber
21093;1;;;;1;;scriptor sit crimine liber
21094;1;;;;1;;scriptor sit crimine liber
21095;1;;;;1;;scriptor sit crimine liber
21096;1;;;;1;;scriptor sit crimine liber
21097;1;;;;1;;scriptor sit crimine liber
21098;1;;;;1;;scriptor sit crimine liber
21099;1;;;;1;;scriptor sit crimine liber
21100;1;;;;1;;scriptor sit crimine liber
21101;1;;;;1;;scriptor sit crimine liber
21102;1;;;;1;;scriptor sit crimine liber
21103;1;;;;1;;scriptor sit crimine liber
21104;1;;;;1;;scriptor sit crimine liber
21105;1;;;;1;;scriptor sit crimine liber
21106;1;;;;1;;scriptor sit crimine liber
21107;1;;;;1;;scriptor vivat bene liber
21108;;;1;;1;;
21109;1;;;;1;;Qui scripsit sit benedictus
21110;;;1;;1;;
21111;;;1;;1;;
21112;1;;;;1;;Scriptor, queso, mali nos ditans munere tali
21113;1;;;;1;;sit actor crimine liber
21114;1;;;;1;;sit scrictor (!) crimine liber
21115;1;;;;1;;sit scriptor crimine liber
21116;1;;;;1;;sit scriptor crimine liber
21117;1;;;;1;;sit scriptor crimine liber
21118;1;;;;1;;sit scriptor crimine liber
21119;1;;;;1;;sit scriptor crimine liber
21120;1;;;;1;;sit scriptor crimine liber
21121;1;;;;1;;sit scriptor crimine liber
21122;1;;;;1;;sit scriptor crimine liber
21123;1;;;;1;;sit scriptor crimine liber
21124;1;;;;1;;sit scriptor crimine liber
21125;1;;;;1;;sit scriptor crimine liber
21126;1;;;;1;;sit scriptor crimine liber
21127;1;;;;1;;sit scriptor crimine liber
21128;1;;;;1;;sit scriptor crimine liber
21129;1;;;;1;;sit scriptor crimine liber
21130;1;;;;1;;sit scriptor crimine liber
21131;1;;;;1;;sit scriptor crimine liber
21132;1;;;;1;;sit scriptor crimine liber
21133;1;;;;1;;sit scriptor crimine liber
21134;1;;;;1;;sit scriptor crimine liber
21135;1;;;;1;;sit scriptor crimine liber
21136;1;;;;1;;sit scriptor crimine liber
21137;1;;;;1;;sit scriptor verbere liber
21138;;;1;;1;;
21139;;;1;;1;;
21140;;;1;;1;;
21141;;;1;;1;;
21142;;;1;;1;;
21143;;;1;;1;;
21144;;;1;;1;;
21145;;;1;;1;;
21146;1;;;1300-t;1;;Quisque scripsit scribat
21147;;;1;;1;;
21148;;;1;;1;;
21149;;;1;;1;;
21150;;;1;;1;;
21151;;;1;;1;;
21152;;;1;;1;;
21153;1;;;1400-t;1;;quem scriptor finivit diligenter
21154;1;;;1338;1;;qui scripsit sit crimine liber
21155;1;;;1400-t;1;;qui tum fecit, obsecro, liber
21156;1;;;1492;1;;Qui scripsit scribat
21157;1;;;1400-t;1;;scriptorem benedic
21158;;;1;;1;;
21159;;;1;;1;;
21160;;;1;;1;;
21161;1;;;1400-t;1;;scriptor sit crimine liber
21162;1;;;1465;1;;completus per quendam monachum
21163;1;;;1300-t;1;;sit scriptor crimine liber
21164;1;;;1400-t;1;;sit scriptor crimine liber
21165;1;;;1200-t;1;;qui scripsit sit benedictus
21166;;;1;1400-t;;1;
21167;;;1;;1;;
21168;;;1;;1;;
21169;1;;;1300-t;1;;Explicit totum magistri, da mihi potum
21170;;;1;;1;;
21171;;;1;;1;;
21172;;;1;;1;;
21173;;;1;;1;;
21174;;;1;;1;;
21175;1;;;1400-t;1;;scriptori dentur honores
21176;;;1;;1;;
21177;;;1;;1;;
21178;;;1;;1;;
21179;;;1;;1;;
21180;;;1;;1;;
21181;;;1;;1;;
21182;;;1;;1;;
21183;;;1;;1;;
21184;;;1;;1;;
21185;;;1;;1;;
21186;;;1;;1;;
21187;;;1;;1;;
21188;;;1;;1;;
21189;;;1;;1;;
21190;;;1;;1;;
21191;;;1;;1;;
21192;;;1;;1;;
21193;;;1;;1;;
21194;1;;;1400-t;1;;Et pro misero scriptore
21195;;;1;;1;;
21196;1;;;805;1;;Orate pro me indignum peccatore
21197;;;1;;;1;
21198;;;1;;;1;
21199;;;1;;1;;
21200;;;1;;1;;
21201;;;1;;1;;
21202;;;1;;1;;
21203;;;1;;1;;
21204;;;1;;1;;
21205;;;1;;1;;
21206;;;1;;1;;
21207;;;1;;1;;
21208;1;;;1200-t;1;;Felix qui scripsit
21209;1;;;1200-t;1;1;Qui scrisi iscriba
21210;;;1;;1;;
21211;;;1;;1;;
21212;;;1;;1;;
21213;;1;;1350;1;; (gåte??) Filia sum solis, et sum cum sole creata. Sum decies quinque et sum quinque decemque vocata
21214;;;1;;1;;
21215;;;1;;1;;
21216;;;1;;1;;
21217;;;1;;1;;
21218;;;1;;1;;
21219;;;1;;1;;
21220;;;1;;1;;
21221;1;;;1400-t;1;;Detur pro pena scriptori pulcra puella
21222;;;1;;1;;
21223;;;1;;1;;
21224;1;;;1300-t;1;;Scriptor opus suste
21225;;;1;;1;;
21226;;;1;;1;;
21227;;;1;;1;;
21228;;;1;;1;;
21229;;;1;;1;;
21230;;;1;;1;;
21231;;;1;;1;;
21232;;;1;;1;;
21233;;;1;;1;;
21234;;;1;;1;;
21235;1;;;12-1300-t;1;;Scriptori sit sine ruinis
21236;;;1;;1;;
21237;1;;;;1;;Scriptori munus detur bos aut cetus unus
21238;;;1;;1;;
21239;;;1;;1;;
21240;;;1;;1;;
21241;;;1;;1;;
21242;;;1;;1;;
21243;;;1;;1;;
21244;;;1;;1;;
21245;;;1;;1;;
21246;;;1;;1;;
21247;;;1;;1;;
21248;;;1;;1;;
21249;;;1;;1;;
21250;;;1;;1;;
21251;;;1;;1;;
21252;;;1;;1;;
21253;;;1;;1;;
21254;;;1;;1;;
21255;1;;;1410;1;;Finis adest operi, quem scriptor gaudet haberi
21256;;;1;;1;;
21257;1;;;1400-t;1;;Finis adest operi, servetur scriptor in omni
21258;;;1;;1;;
21259;;;1;;1;;
21260;;;1;;1;;
21261;;;1;;1;;
21262;;;1;;1;;
21263;;;1;;1;1;
21264;;;1;;1;;
21265;;;1;;1;;
21266;;;1;;1;;
21267;;;1;;1;;
21268;;;1;;1;;
21269;;;1;;1;;
21270;;;1;;1;;
21271;;;1;;1;;
21272;;;1;;1;;
21273;;;1;;1;;
21274;;;1;;1;;
21275;;;1;;1;;
21276;;;1;;1;;
21277;;;1;;1;;
21278;1;;;1300-t;1;;Detur pro pena scriptori pulchra puella
21279;;;1;;1;;
21280;1;;;1384;1;;precium vult scriptor habere
21281;;;1;;1;;
21282;;;1;;1;;
21283;;;1;;1;1;
21284;;;1;;1;;
21285;;;1;;1;;
21286;1;;;1400-t;1;;Qui scripsit scribat
21287;1;;;800-t;1;;Qui scripsit scripta
21288;;;1;;1;;
21289;;;1;;1;;
21290;;;1;;1;;
21291;;;1;;1;;
21292;1;;;1400-t;1;;Cum lectore velis scriptorem iungere celis
21293;;;1;;1;;
21294;;;1;;1;;
21295;;;1;;1;;
21296;;;1;;1;;
21297;1;;;;1;;pretium vult scriptor habere
21298;1;;;1400-t;1;;pretium vult scriptor habere
21299;1;;;1400-t;1;;pretium vult scriptor habere
21300;1;;;1432;1;;scriptor vult mercedem habere
21301;1;;;1400-t;1;;scriptor vult precium habere
21302;1;;;1300-t;1;;scriptor vult precium habere
21303;1;;;1429;1;;scriptor vult precium habere
21304;;;1;;1;;
21305;;;1;;1;;
21306;;;1;;1;;
21307;;;1;;1;;
21308;;;1;;1;;
21309;1;;;1477;;1;Chi legie preghi iddio per lo scrittore
21310;;;1;;1;;
21311;1;;;;1;;pretium vult scriptor habere
21312;;;1;;1;;
21313;;;1;;1;;
21314;;;1;;1;;
21315;;;1;;1;;
21316;;;1;;1;;
21317;;;1;;1;;
21318;;;1;;1;;
21319;;;1;;1;;
21320;;;1;;1;;
21321;;;1;;1;;
21322;;;1;;1;;
21323;;;1;;1;;
21324;1;;;1100-t;1;;Finis inest operi, scriptor, te redde quieti
21325;;;1;;1;;
21326;;;1;;1;;
21327;;;1;;1;;
21328;;;1;;1;;
21329;;;1;;1;;
21330;;;1;;1;;
21331;;;1;;1;;
21332;;;1;;1;;
21333;;;1;;1;;
21334;;;1;;1;;
21335;;;1;;1;;
21336;;;1;;1;;
21337;;;1;;1;;
21338;1;;;800-t;1;;Quicunque scriptor scribit
21339;;;1;;1;;
21340;;;1;;1;;
21341;;;1;;1;;
21342;;;1;;1;;
21343;;;1;;1;;
21344;;;1;;1;;
21345;;;1;;1;;
21346;1;;;1400-t;1;;Scriptoris siste
21347;1;;;1200-t;1;;poscit scriptor sua iura
21348;;;1;;1;;
21349;;;1;;1;;
21350;;;1;;1;;
21351;;;1;;1;;
21352;;;1;;1;;
21353;;;1;;1;;
21354;;;1;;1;;
21355;;;1;;1;;
21356;;;1;;1;;
21357;;;1;;1;;
21358;;;1;;1;;
21359;;;1;;1;;
21360;1;;;1300-t;1;;ludere scriptor eat
21361;;;1;;1;;
21362;;;1;;1;;
21363;;;1;;1;;
21364;;;1;;1;;
21365;;;1;;1;;
21366;;;1;;1;;
21367;;;1;;1;;
21368;;;1;;1;;
21369;;;1;;1;;
21370;;;1;;1;;
21371;;;1;;1;;
21372;;;1;;1;;
21373;;;1;;1;;
21374;;;1;;1;;
21375;;;1;;1;;
21376;;;1;;1;;
21377;;;1;;1;;
21378;;;1;;1;;
21379;;;1;;1;;
21380;;;1;;1;;
21381;;;1;;1;;
21382;;;1;;1;;
21383;1;;;1300-t;1;;sit scriptor crimine liber
21384;;;1;;1;;
21385;;;1;;1;;
21386;;;1;;1;;
21387;;;1;;1;;
21388;;;1;;1;;
21389;;;1;;1;;
21390;;;1;;1;;
21391;;;1;;1;;
21392;;;1;;1;;
21393;;;1;;1;;
21394;;;1;;1;;
21395;;;1;;1;;
21396;;;1;;1;;
21397;;;1;;1;;
21398;;;1;;1;;
21399;1;;;11-1200-t;1;;Qui me scripsit
21400;;;1;;1;;
21401;;;1;;1;;
21402;;;1;;1;;
21403;1;;;1465;1;1;Qui schrissit ischribatt
21404;;;1;;1;;
21405;;;1;;1;;
21406;;;1;;1;;
21407;;;1;;1;;
21408;;;1;;1;;
21409;;;1;;1;;
21410;1;;;1300-t;1;;Finito libro, me lassatum fore scito
21411;;;1;;1;;
21412;;;1;;1;;
21413;1;;;1300-t;1;;Qui scripsit scribat
21414;1;;;13-1400-t;1;;Qui scripsit scribat
21415;;;1;;1;;
21416;;;1;;1;;
21417;;;1;;1;;
21418;;;1;;1;;
21419;1;;;1400;1;;Qui scripsit scribat
21420;;;1;;1;;
21421;1;;;1300-t;1;;Michi scriptori promissa exhibeantur
21422;;;1;;1;;
21423;1;;;1200-t;1;;Finito libro, reddantur vina magistro
21424;1;;;1200-t;1;;Finito libro, reddantur vina magistro
21425;1;;;1100-t;1;;Finito libro, reddantur cena magistro
21426;1;;;1000-t;1;;Finito libro, reddantur cena magistro
21427;1;;;1200-t;1;;Finito libro, reddantur cena scriptori
21428;1;;;1300-t;1;;Finito libro, reddantur gallina magistro
21429;1;;;1200-t;1;;Finito libro, reddantur gallina magistro
21430;;;1;;1;;
21431;;;1;;1;;
21432;;;1;;1;;
21433;;;1;;1;;
21434;;;1;;1;;
21435;;;1;;1;;
21436;;;1;;1;;
21437;;;1;;1;;
21438;;;1;;1;;
21439;;;1;;1;;
21440;;;1;;1;;
21441;;;1;;1;;
21442;;;1;;1;;
21443;;;1;;1;;
21444;1;;;12-1300-t;1;;Qui scripsit carmen sit benedictus
21445;1;;;1300-t;1;;Qui scripsit scribat
21446;1;;;;1;;Scriptor salvetur
21447;;;1;;1;;
21448;;;1;;1;;
21449;;;1;;1;;
21450;;;1;;1;;
21451;;;1;;1;;
21452;;;1;;1;;
21453;;;1;;1;;
21454;;;1;;1;;
21455;;;1;;1;1;
21456;;;1;;1;;
21457;;;1;;1;;
21458;;;1;;1;;
21459;;;1;;1;;
21460;;;1;;1;;
21461;;;1;;1;;
21462;;;1;;1;;
21463;1;;;1100-t;1;;Qui scripsit hunc librum
21464;1;;;;1;1;E llo scriptore vuole essere pagato
21465;;;1;;1;;
21466;;;1;;1;;
21467;;;1;;1;;
21468;;;1;;1;;
21469;;;1;;1;;
21470;;;1;;1;;
21471;;;1;;1;;
21472;;;1;;1;;
21473;;;1;;1;;
21474;1;;;1200-t;1;;Qui scripsit scribat
21475;;;1;;1;;
21476;1;;;1400-t;1;;Qui scripsit scribat
21477;;;1;;1;;
21478;;;1;;1;;
21479;;;1;;1;;
21480;;;1;;1;;
21481;1;;;1300-t;1;;Scriptor salvetur
21482;1;;;;1;;
21483;;;1;;1;1;Scrittor suus talis (sic)
21484;;;1;;1;;
21485;;;1;;1;;
21486;1;;;;1;;scriptor saltat pede laeto
21487;;;1;;1;;
21488;;;1;;1;;
21489;;;1;;1;;
21490;;;1;;1;;
21491;;;1;;1;;
21492;;;1;;1;;
21493;;;1;;1;;
21494;;;1;;1;;
21495;;;1;;1;;
21496;;;1;;1;;
21497;;;1;;1;;
21498;;;1;;1;;
21499;;;1;;1;;
21500;;;1;;1;;
21501;;;1;;1;;
21502;;;1;;1;;
21503;;;1;;1;;
21504;;;1;;1;;
21505;;;1;;1;;
21506;;;1;;1;;
21507;;;1;;1;;
21508;;;1;;1;;
21509;;;1;;1;;
21510;;;1;;1;;
21511;;;1;;1;;
21512;;;1;;1;;
21513;;;1;;1;;
21514;;;1;;1;1;
21515;;;1;;1;;
21516;;;1;;1;;
21517;;;1;;1;;
21518;;;1;;1;;
21519;;;1;;1;;
21520;;;1;;1;;
21521;;;1;;1;;
21522;;;1;;1;;
21523;;;1;;1;;
21524;;;1;;1;;
21525;;;1;;1;;
21526;1;;;1200-t;1;;Qui scripsit scribat
21527;;;1;;1;;
21528;;;1;;1;;
21529;;;1;;1;;
21530;;;1;;1;;
21531;;;1;;1;;
21532;1;;;1300-t;1;;qui scripsit sit benedictus
21533;;;1;;1;;
21534;;;1;;1;;
21535;1;;;1358;1;;saltabit scriptor pede leto
21536;1;;;1300-t;1;;Penula scriptoris requiescat
21537;1;;;1200-t;1;;Qui scripsit…
21538;;;1;;1;;
21539;;;1;;1;;
21540;;;1;;1;;
21541;;;1;;1;;
21542;1;;;1300-t;1;;Xps scriptorem salvet
21543;;;1;;1;;
21544;1;;;1400-t;1;;Corpus scriptoris salvet deus
21545;;;1;;1;;
21546;;;1;;1;;
21547;;;1;;1;;
21548;1;;;1400-t;1;;Detur pro pena scriptori pulcra puella
21549;;;1;;1;;
21550;1;;;1300-t;1;;Dixt qui scripsit
21551;;;1;;1;;
21552;1;;;1300-t;1;;Et nunc pro scripto reddatur cena magistro
21553;;;1;;1;;
21554;1;;;1200-t;1;;qui scripsit sit benedictus
21555;1;;;1300-t;1;;ludere scriptor eat
21556;;;1;;1;;
21557;1;;;1300-t;1;;precium vult scriptor habere
21558;1;;;1400-t;1;;scriptor vult potum habere
21559;;;1;;1;;
21560;1;;;1420-33;1;;Non laus scriptori
21561;1;;;1400-t;1;;qui scripsit sit a deo benedictus
21562;1;;;1300-t;1;;qui scripsit sit benedictus
21563;1;;;1300-t;1;;qui scripsit sit benedictus
21564;1;;;1200-t;1;;qui scripsit sit benedictus
21565;;;1;;1;;
21566;1;;;1200-t;1;;qui scripsit sit benedictus
21567;1;;;1300-t;1;;Lassi scriptoris merces deus esto laboris
21568;1;;;1416;1;;Laus non scriptori
21569;;;1;;1;;
21570;1;;;1300-t;1;;Qui scribit scribat
21571;;;1;;1;;
21572;;;1;;1;;
21573;;;1;;1;;
21574;;;1;;1;;
21575;;;1;;1;;
21576;1;;;1300-t;1;;Ut sis scriptoris memor
21577;;;1;;1;;
21578;;;1;;1;;
21579;;;1;;1;;
21580;;;1;;1;;
21581;1;;;1200-t;1;;qui illum scripsit
21582;1;;;1400-t;1;;scriptorem non reprehendat
21583;;;1;;1;;
21584;;;1;;1;;
21585;1;;;1400-t;1;;Qui scripsit carmen
21586;1;;;1200-t;1;;Qui scripsit scribat
21587;1;;;1400-t;1;;Qui scripsit scribat
21588;1;;;1300-t;1;;Qui scripsit
21589;1;;;1400-t;1;;Qui scripsit
21590;1;;;1300-t;1;;Qui scripsit
21591;1;;;1300-t;1;;Qui scripsit
21592;1;;;1300-t;1;;Qui scripsit
21593;1;;;1300-t;1;;Scriptor in merore
21594;1;;;1400-t;1;;Scriptorem xps benedicat
21595;1;;;;1;;Scriptori munus detur bos aut equus unus
21596;1;;;1400-t;1;;Scribtori pro penna detur sancta puella
21597;;;1;;1;;
21598;1;;;1300-t;1;;Sorte supernorum scriptor libri pociatur
21599;;;1;;1;;
21600;;;1;;1;;
21601;;;1;;1;1;
21602;1;;;1400-t;1;;Vinum scriptori debetur de meliori
21603;1;;;1411;1;;Vinum scriptori debetur de meliori
21604;1;;;1200-t;1;;Vitaque scriptori cum sanctis
21605;1;;;1300-t;1;;Vivat qui scripsit
21606;;;1;;1;;
21607;;;1;;1;;
21608;;;1;;1;;
21609;;;1;;1;;
21610;;;1;;1;;
21611;;;1;;1;;
21612;;;1;;1;;
21613;;;1;;1;;
21614;;;1;;1;;
21615;;;1;;1;;
21616;;1;;s. 13-14;1;;Scriptrix donetur in celis merces scribentis…Scriptrix huius delicatissimi libri inveniantur in libro viventium et cum iustis scribantur. Amen dicant omnia.
21617;;;1;;1;;
21618;;;1;;1;;
21619;;;1;;1;;
21620;;;1;;1;;
21621;;;1;;1;;
21622;;;1;;1;;
21623;;;1;;1;;
21624;;;1;;1;;
21625;1;;;1400-t;1;;Qui scripsit
21626;1;;;1300-t;1;;Qui scripsit
21627;1;;;12-1300-t;1;;Qui scripsit
21628;;;1;;1;;
21629;1;;;1200-t;1;;sit pastus iure magistro
21630;;;1;;1;;
21631;1;;;1300-t;1;1;vinum tradatur magistro
21632;1;;;1400-t;1;1;Orate per lo poverello scritore
21633;;;1;;;1;
21634;;;1;;;1;
21635;;;1;;1;;
21636;1;;;;1;;scriptor saltat pede laeto
21637;;;1;;1;;
21638;;;1;;1;;
21639;;;1;;1;;
21640;;;1;;1;;
21641;1;;;1300-t;1;;Qui sit scriptoris requies
21642;1;;;1300-t;1;;Qui sit scriptoris requies
21643;1;;;1300-t;1;;Qui sit scriptoris requies
21644;1;;;1300-t;1;;Quam sit scriptoris requiem
21645;;;1;;1;;
21646;1;;;1300-t;1;;Qui sit scriptoris requies
21647;;;1;;1;;
21648;;;1;;1;;
21649;;;1;;1;;
21650;;;1;;1;;
21651;;;1;;1;;
21652;;;1;;1;;
21653;;;1;;1;;
21654;;;1;;1;;
21655;1;;;1300-t;1;;Qui sit scriptoris requies
21656;1;;;1200-t;1;;Qui sit scriptoris requies
21657;;;1;;1;;
21658;;;1;;1;;
21659;;;1;;1;;
21660;;;1;;1;;
21661;;;1;;1;;
21662;;;1;;1;;
21663;;;1;;1;;
21664;;;1;;1;;
21665;1;;;1300-t;1;;Qui scripsit scribat
21666;;;1;;1;1;
21667;;;1;;1;;
21668;;;1;;1;;
21669;1;;;1400-t;1;;ludere scriptor ea
21670;;;1;;1;;
21671;;;1;;1;;
21672;;;1;;;1;
21673;;;1;;1;;
21674;;;1;;1;;
21675;;;1;;1;;
21676;;;1;;1;;
21677;1;;;;1;;Scriptori siste
21678;;;1;;;1;
21679;;;1;;1;;
21680;;;1;;1;;
21681;1;;;800-t;1;;Ora pro me famulo dei
21682;;;1;;1;;
21683;;;1;;;1;
21684;1;;;1440;;1;
21685;;;1;;;1;
21686;;;1;;;1;
21687;;;1;;;1;
21688;;;1;;;1;
21689;;;1;;;1;
21690;;;1;;;1;
21691;;;1;;;1;
21692;;;1;;;1;
21693;;;1;;;1;
21694;;;1;;;1;
21695;;;1;;;1;
21696;;;1;;1;;
21697;;;1;;1;;
21698;;;1;;1;;
21699;;;1;;1;;
21700;;;1;;1;;
21701;;;1;;1;;
21702;;;1;;1;;
21703;1;;;700;1;;Ora pro me scriptore
21704;;;1;;1;;
21705;1;;;1406;1;;Orate pro scriptore
21706;;;1;;1;;
21707;;;1;;1;;
21708;;;1;;1;;
21709;;;1;;1;;
21710;;;1;;1;;
21711;;;1;;1;;
21712;;;1;;1;;
21713;;;1;;1;;
21714;;;1;;1;;
21715;;;1;;1;;
21716;;;1;;1;;
21717;;;1;;1;;
21718;1;;;1300-t;1;;Scriptor dans metam
21719;;;1;;1;;
21720;;;1;;1;;
21721;;;1;;1;;
21722;;;1;;1;;
21723;;;1;;1;;
21724;;;1;;1;;
21725;1;;;;1;;
21726;;;1;;1;;
21727;;;1;;1;;
21728;;;1;;1;;
21729;;;1;;1;;
21730;;;1;;;1;
21731;1;;;15-1600-t;;1;Godt bist mir sunder gnedig
21732;;1;;1400-t;;1;Dycz puch ist volent wurden … als sy erhabt ist wurden von einer swesster irs ordens.
21733;;;1;;;1;
21734;;;1;;1;;
21735;;;1;;;1;
21736;;;1;;;1;
21737;;;1;;;1;
21738;;;1;;;1;
21739;;;1;;;1;
21740;;;1;;;1;
21741;;;1;;;1;
21742;;;1;;;1;
21743;;;1;;;1;
21744;;;1;;1;1;
21745;;;1;;;1;
21746;;;1;;1;;
21747;;;1;;1;;
21748;1;;;1300-t;1;;Grates pro scriptore
21749;1;;;1200-t;1;;Merces scriptoris solvatur
21750;;;1;;1;;
21751;;;1;;1;;
21752;;;1;;1;;
21753;;;1;;1;;
21754;;;1;;1;;
21755;;1;;;1;;
21756;;;1;;1;;
21757;;;1;;1;;
21758;;;1;;1;;
21759;;;1;;1;;
21760;;;1;;1;;
21761;;;1;;1;;
21762;;;1;;1;;
21763;;;1;;1;;
21764;;;1;;1;;
21765;;;1;;1;;
21766;;;1;;1;;
21767;;;1;;1;;
21768;;;1;;1;;
21769;;;1;;1;;
21770;;;1;;1;;
21771;;;1;;1;;
21772;;;1;;1;;
21773;;;1;;1;;
21774;;;1;;1;;
21775;;;1;;1;;
21776;;;1;;1;;
21777;;;1;;1;;
21778;;;1;;1;;
21779;;;1;;1;;
21780;1;;;1508;;;oret pro scriptore
21781;1;;;1515;;;oret pro scriptore
21782;;;1;;1;;
21783;;;1;;;1;
21784;1;;;1300-t;1;;Habitet hic coelum scriptor ceu Delia Delum
21785;1;;;1400-t;1;;Finit eciam hic labor scriptoris
21786;;;1;;1;;
21787;;;1;;1;;
21788;;;1;;1;;
21789;;;1;;1;1;
21790;;;1;;1;;
21791;1;;;;1;;Haec ille scripsit qui primo scribere discit
21792;;;1;;1;;
21793;1;;;1300-t;1;;Explicit iste liber, scriptor sine crimine liber
21794;1;;;1100-t;1;;scriptoris tollere noxas
21795;1;;;1200-t;1;;scriptoris memor adsis
21796;;;1;;1;;
21797;1;;;1400-t;1;;Qua monachos amat ad hoc caritate vocatus
21798;1;;;1000-t;1;;scriptoris memor adsis
21799;;;1;;1;;
21800;;;1;;1;;
21801;;;1;;1;;
21802;;;1;;1;;
21803;1;;;1400-t;1;;Penna fuit vilis, scriptor fuit puerilis
21804;1;;;12-1300-t;1;;Scriptor sum talis
21805;;;1;;1;;
21806;1;;;;1;;sit scriptor crimine liber
21807;;;1;;1;;
21808;1;;;1300-t;1;;Qui scripsit scribat
21809;1;;;1400-t;1;;Scriptor sum talis
21810;;;1;;1;;
21811;;;1;;1;;
21812;;;1;;1;;
21813;;;1;;1;;
21814;;;1;;1;;
21815;1;;;1300-t;1;;quod sim velut unus eorum
21816;;;1;;1;;
21817;;;1;;1;;
21818;;;1;;1;;
21819;;;1;;1;;
21820;;1;;1000-t;1;;Scriptrici requiem, deus annue summe, perenem
21821;;;1;;1;;
21822;;;1;;1;;
21823;;;1;;1;;
21824;;;1;;1;;
21825;;;1;;1;;
21826;;;1;;1;;
21827;1;;;1200-t;1;;qui scripsit sit benedictus
21828;;;1;;1;;
21829;;;1;;1;;
21830;;;1;;1;;
21831;1;;;;1;;qui scripsit sit benedictus
21832;1;;;;1;;qui scripsit sit benedictus
21833;1;;;;1;;qui scripsit sit benedictus
21834;1;;;;1;;qui scripsit sit benedictus
21835;1;;;;1;;qui scripsit sit benedictus
21836;1;;;;1;;qui scripsit sit benedictus
21837;1;;;;1;;qui scripsit sit benedictus
21838;1;;;;1;;qui scripsit sit benedictus
21839;1;;;;1;;qui scripsit sit benedictus
21840;1;;;;1;;qui scripsit sit benedictus
21841;1;;;;1;;qui scripsit sit benedictus
21842;1;;;;1;;qui scripsit sit benedictus
21843;1;;;;1;;qui scripsit sit benedictus
21844;1;;;;1;;qui scripsit sit benedictus
21845;1;;;;1;;qui scripsit sit benedictus
21846;1;;;;1;;qui scripsit sit benedictus
21847;1;;;;1;;qui scripsit sit benedictus
21848;1;;;;1;;qui scripsit sit benedictus
21849;1;;;;1;;qui scripsit sit benedictus
21850;1;;;;1;;qui scripsit sit benedictus
21851;1;;;;1;;qui scripsit sit benedictus
21852;1;;;;1;;qui scripsit sit benedictus
21853;1;;;;1;;qui scripsit sit benedictus
21854;1;;;;1;;qui scripsit sit benedictus
21855;1;;;;1;;qui scripsit sit benedictus
21856;1;;;;1;;qui scripsit sit benedictus
21857;1;;;;1;;qui scripsit sit benedictus
21858;1;;;;1;;qui scripsit sit benedictus
21859;1;;;;1;;qui scripsit sit benedictus
21860;1;;;;1;;qui scripsit sit benedictus
21861;1;;;;1;;qui scripsit sit benedictus
21862;1;;;;1;;qui scripsit sit benedictus
21863;1;;;;1;;qui scripsit sit benedictus
21864;1;;;;1;;qui scripsit sit benedictus
21865;1;;;;1;;qui scripsit sit benedictus
21866;1;;;;1;;qui scripsit sit benedictus
21867;1;;;;1;;qui scripsit sit benedictus
21868;1;;;;1;;qui scripsit sit benedictus
21869;1;;;;1;;qui scripsit sit benedictus
21870;1;;;;1;;qui scripsit sit benedictus
21871;1;;;;1;;qui scripsit sit benedictus
21872;1;;;;1;;qui scripsit sit benedictus
21873;1;;;;1;;qui scripsit sit benedictus
21874;1;;;;1;;qui scripsit sit benedictus
21875;;;1;;1;;
21876;;;1;;1;;
21877;;;1;;1;;
21878;1;;;1200-t;1;;Hic liber inclusus monachorum continet usus
21879;;;1;;1;;
21880;1;;;1300-t;1;;qui scripsit
21881;1;;;1331;1;;Qui scripsit
21882;;;1;;1;1;
21883;;;1;;1;;
21884;1;;;1587;1;;a scriptore praesentis paginae haud legi potuerunt
21885;1;;;1400-t;1;;nisi pecunia et pulchra puella
21886;;;1;;1;;
21887;;;1;;1;;
21888;1;;;1300-t;1;;Ut sint regnicolae scriptor
21889;;;1;;1;;
21890;;;1;;1;;
21891;1;;;1000-t;1;;Scriptoris tempus denotat iste codex
21892;1;;;1300-t;1;;Hic scriptor siste
21893;1;;;1400-t;1;;Haud aliter scriptor optato fine libelli
21894;;;1;;1;;
21895;;;1;;;1;
21896;;;1;;;1;
21897;;;1;;;1;
21898;1;;;1400-t;;1;Orate pro me scriptore
21899;;;1;;;1;
21900;;;1;;;1;
21901;;;1;;;1;
21902;;;1;;;1;
21903;;;1;;;1;
21904;;;1;;;1;
21905;;;1;;;1;
21906;;;1;;;1;
21907;1;;;1442;;1;Dem schriber ellent arm
21908;;;1;;;1;
21909;;;1;;;1;
21910;;;1;;;1;
21911;1;;;1459;;1;Got dem schriber den lon send
21912;;;1;;;1;
21913;;;1;;;1;
21914;;;1;;;1;
21915;;;1;;;1;
21916;;;1;;;1;
21917;;;1;;;1;
21918;;;1;;;1;
21919;;;1;;;1;
21920;;;1;;;1;
21921;;;1;;;1;
21922;;;1;;;1;
21923;;;1;;;1;
21924;;;1;;;1;
21925;;;1;;;1;
21926;;;1;;;1;
21927;;;1;;;1;
21928;;;1;;;1;
21929;;;1;;;1;
21930;;;1;;;1;
21931;;;1;;;1;
21932;;;1;;;1;
21933;;;1;;;1;
21934;;;1;;;1;
21935;;;1;;;1;
21936;;;1;;;1;
21937;;;1;;;1;
21938;;;1;;;1;
21939;;;1;;;1;
21940;;;1;;1;1;
21941;;;1;;1;;
21942;1;;;1330-40;1;;ludere scriptor eat
21943;1;;;1400-t;1;;calamo scriptor sulcante libellos
21944;1;;;800-t;1;;scriptor vocitatur nomine digno
21945;;;1;;1;;
21946;1;;;1100-t;1;;Scriptor, sancte tui non ibit muneris expers
21947;;;1;;1;;
21948;;;1;;1;;
21949;;;1;;1;;
21950;;;1;;1;;
21951;1;;;1400-t;1;;pro scriptore quod ores
21952;1;;;1200-t;1;;pro scriptore quod ores
21953;1;;;1300-t;1;;Vinum scriptori debetur
21954;;;1;;1;;
21955;;;1;;1;;
21956;;;1;;1;;
21957;;;1;;1;;
21958;;;1;;1;;
21959;;;1;;1;;
21960;;;1;;1;;
21961;1;;;1100-t;1;;Ve tibi, scriptor
21962;;;1;;1;;
21963;;;1;;1;;
21964;1;;;1300-t;1;;scriptor tenuit bene factum
21965;1;;;1400-t;1;;scriptor tenuit bene factum
21966;1;;;1400-t;1;;scriptor tenuit bene factum
21967;1;;;1300-t;1;;Dextera scriptoris careat gravitate doloris
21968;;;1;;1;;
21969;1;;;1300-t;1;;scriptor tenuit bene pactum
21970;1;;;1200-t;1;;scriptoris sit benedictum 
21971;1;;;1301;1;;O scriptor cessa, quoniam manus est defessa
21972;;;1;;1;;
21973;;;1;;1;;
21974;;;1;;1;;
21975;;;1;;1;;
21976;;;1;;1;;
21977;;;1;;1;;
21978;;;1;;1;;
21979;;;1;;1;;
21980;;;1;;1;;
21981;;;1;;1;;
21982;;;1;;1;;
21983;;;1;;1;;
21984;;;1;;1;;
21985;;;1;;1;;
21986;;;1;;1;;
21987;1;;;12-1300-t;1;;Scriptor qui scripsit
21988;;;1;;1;;
21989;;;1;;1;;
21990;1;;;1300-t;1;;propter quod scriptor ametur
21991;1;;;1200-t;1;;scriptori remuneretur
21992;;;1;;1;;
21993;1;;;900-t;1;;Commenda domino scriptorem
21994;;;1;;1;;
21995;;;1;;1;;
21996;;;1;;1;;
21997;;;1;;1;;
21998;;;1;;1;;
21999;;;1;;1;;
22000;1;;;1400-t;1;;sit scriptor a crimine sanus
22001;1;;;1421;1;;Homo quidam fecit cenam magnam
22002;;;1;;;1;
22003;;;1;;1;;
22004;;;1;;;1;
22005;1;;;11-1200-t;1;;Premia scripture scriptori dentur abunde
22006;;;1;;1;1;
22007;;;1;;1;;
22008;;;1;;1;;
22009;1;;;1525;1;;Huius deus pagine libera scriptorem
22010;;;1;;1;;
22011;;;1;;1;;
22012;;;1;;1;;
22013;1;;;1300-t;1;;Huius scriptoris requiescat
22014;1;;;1100-t;1;;Scriptori vitam postulet et veniam
22015;;;1;;1;;
22016;;;1;;1;;
22017;1;;;;1;;Sit scriptor sanus
22018;;;1;;1;;
22019;;;1;;1;;
22020;;;1;;1;;
22021;1;;;1345;1;;Vinum scriptori debetur de meliori
22022;;;1;;1;;
22023;1;;;;1;;qui scripsit sit benedictus
22024;;1;;1200-t;1;;Hunc tibi Myldburga scripsi, mea crimina purga
22025;1;;;;1;;Lector, scriptori, regito des munus amoris
22026;;;1;;;1;
22027;;;1;;;1;
22028;;;1;;1;;
22029;;;1;1400-t;1;;qui scripsit sit benedictus
22030;1;;;1300-t;1;;ut michi peccatori
22031;;;1;;1;;
22032;1;;;1200-t;1;;sit scriptor eterne liber
22033;1;;;;1;;Iam scriptor cessa
22034;1;;;1395;;;Iam scriptor cessa
22035;;;1;13-1400-t;;;
22036;;;1;;1;;
22037;;;1;;1;;
22038;;;1;;1;;
22039;;;1;;;1;
22040;;;1;;;1;
22041;;;1;;;1;
22042;;;1;;;1;
22043;;;1;;;1;
22044;1;;;1400-t;1;;ego, scriptor huius libri
22045;1;;;1400-t;1;;orate pro collectore et scriptore
22046;;;1;;1;;
22047;;;1;;;1;
22048;;;1;;1;;
22049;1;;;1400-t;1;;scriptor sit crimine liber
22050;;;1;;1;;
22051;;;1;;1;;
22052;;;1;;1;;
22053;;;1;;1;;
22054;;;1;;1;;
22055;;;1;;1;;
22056;;;1;;1;;
22057;;;1;;1;;
22058;;;1;;1;;
22059;;;1;;1;;
22060;1;;;1400-t;1;;qui scripsit scribat
22061;;;1;;1;;
22062;;;1;;1;;
22063;;;1;;1;;
22064;;;1;;1;;
22065;1;;;1400-t;1;;Ille qui scripsit
22066;1;;;;1;;Ille qui scripsit
22067;;;1;;1;1;
22068;;;1;;1;;
22069;1;;;1300-t;1;;Qui scripsit scripta
22070;;;1;;1;;
22071;;;1;;1;;
22072;1;;;;1;;per manus illius qui scripsit
22073;;;1;;1;;
22074;;;1;;1;;
22075;;;1;;1;;
22076;;;1;;1;;
22077;;;1;;1;;
22078;;;1;;1;;
22079;;;1;;1;;
22080;;;1;;1;;
22081;;;1;;1;;
22082;;;1;;1;;
22083;;;1;;;1;
22084;;;1;;1;;
22085;;;1;;1;;
22086;;;1;;1;;
22087;;;1;;1;;
22088;;;1;;1;;
22089;;;1;;1;;
22090;;;1;;;1;
22091;;;1;;1;;
22092;;;1;;1;;
22093;;;1;;1;;
22094;1;;;1417;;;in quibus erravit scriptor
22095;1;;;1455;;;Orate pro scriptore. In quibus erravit scriptor
22096;;;1;;1;;
22097;;;1;;1;;
22098;;;1;;1;;
22099;;;1;;1;;
22100;1;;;1389;1;;inceptus a scriptore
22101;;;1;;1;;
22102;;;1;;1;;
22103;;;1;;1;;
22104;;;1;;1;;
22105;;;1;;;1;
22106;;;1;;1;;
22107;;;1;;1;;
22108;;;1;;1;;
22109;1;;;1300-t;1;;Scriptoris merces sit laus
22110;;;1;;;1;
22111;1;;;1300-t;1;;Qui scripsit scribat
22112;;;1;;1;;
22113;;;1;;1;;
22114;;;1;;1;;
22115;;;1;;1;;
22116;1;;;1300-t;1;;Iste liber est scriptus, qui scripsit sit benedictus
22117;1;;;1411;1;;Iste liber est scriptus, qui scripsit sit benedictus
22118;1;;;1300-t;1;;Iste liber est scriptus, qui scripsit sit benedictus
22119;1;;;1300-t;1;;Iste liber est scriptus, qui scripsit sit benedictus
22120;1;;;1400-t;1;;Qui scripsit hunc librum
22121;;;1;;1;;
22122;;;1;;1;;
22123;1;;;900-t;1;;per incuriam ignari scriptoris
22124;1;;;1333;1;;Iste liber scriptus, qui scripsit sit benedictus
22125;1;;;1300-t;1;;Iste liber scriptus, qui scripsit sit benedictus
22126;;;1;;1;;
22127;;1;;1100-t;1;;Istic finitur, iam scriptrix laude potitur
22128;1;;;1000-t;1;;Istius libri scriptor
22129;;;1;;1;;
22130;;;1;;1;;
22131;;;1;;1;;
22132;1;;;13-1400-t;1;;Istum qui scripsit
22133;;;1;;1;;
22134;;;1;;;1;
22135;;;1;;;1;
22136;;;1;;;1;
22137;;;1;;;1;
22138;;;1;;1;;
22139;;;1;;1;;
22140;;;1;;1;;
22141;;;1;;1;;
22142;;;1;;1;;
22143;;;1;;;1;
22144;1;;;1300-t;1;;Largiter adde tuo scriptori munera
22145;;;1;;;1;
22146;;;1;;1;;
22147;1;;;;1;;Lassa manus calamusque simul scriptorque quiescunt
22148;1;;;;1;;Lauda scriptorem
22149;1;;;;1;;Lauda scriptorem
22150;1;;;;1;;Lauda scriptorem
22151;1;;;;1;;Lauda scriptorem
22152;1;;;;1;;Lauda scriptorem
22153;1;;;;1;;Lauda scriptorem
22154;1;;;;1;;Lauda scriptorem
22155;;;1;;1;;
22156;;;1;;1;;
22157;;;1;;1;;
22158;1;;;1400-t;1;;
22159;;;1;;1;;
22160;;;1;;1;;
22161;;;1;;1;;
22162;;;1;;1;;
22163;;;1;;1;;
22164;;;1;;1;;
22165;1;;;1300-t;1;;scriptor letetur
22166;;;1;;1;;
22167;;;1;;1;;
22168;;;1;;1;;
22169;;;1;;1;;
22170;;;1;;1;;
22171;;;1;;1;;
22172;;;1;;1;;
22173;;;1;;1;;
22174;;;1;;1;;
22175;;;1;;1;;
22176;;;1;;1;;
22177;;;1;;1;;
22178;;;1;;1;;
22179;;;1;;1;;
22180;;;1;;1;;
22181;;;1;;1;;
22182;;;1;;1;;
22183;;;1;;1;;
22184;;;1;;1;;
22185;;;1;;1;;
22186;;;1;;1;;
22187;;;1;;1;;
22188;;;1;;1;;
22189;;;1;;1;;
22190;;;1;;1;;
22191;;;1;;1;;
22192;;;1;;1;;
22193;;;1;;1;;
22194;;;1;;1;;
22195;;;1;;1;;
22196;;;1;;1;;
22197;;;1;;1;;
22198;;;1;;;1;
22199;;;1;;1;;
22200;;;1;;1;;
22201;;;1;;1;;
22202;;;1;;1;;
22203;;;1;;1;;
22204;;;1;;1;;
22205;;;1;;1;;
22206;;;1;;1;;
22207;;;1;;1;;
22208;;;1;;1;;
22209;;1;;1400-t;1;1;Ach, liebe iunckfraw, pit fur mich
22210;;;1;;1;;
22211;;;1;;1;;
22212;;;1;;;1;
22213;;;1;;1;;
22214;;;1;;1;;
22215;1;;;1467;1;1;Orate pro scriptore
22216;;;1;;1;;
22217;;;1;;1;;
22218;;;1;;1;;
22219;;;1;;1;;
22220;;;1;;1;1;
22221;;;1;;1;;
22222;;;1;;1;;
22223;;;1;;1;;
22224;;;1;;1;;
22225;;;1;;1;;
22226;;;1;;1;;
22227;;;1;;1;;
22228;1;;;1468;1;;sit benedictus
22229;;;1;;1;1;
22230;;;1;;1;;
22231;1;;;1400-t;1;;pro inutili servo et vili scriptore
22232;;;1;;1;;
22233;;;1;;1;;
22234;;;1;;1;;
22235;;;1;;1;;
22236;;;1;;1;;
22237;;;1;;1;;
22238;;;1;;1;;
22239;;;1;;1;;
22240;;;1;;1;;
22241;;;1;;1;;
22242;1;;;1300-t;1;;ludere scriptor eat
22243;;;1;;1;;
22244;;;1;;1;;
22245;;;1;;1;;
22246;1;;;1500-t;1;;Scriptor mente pia
22247;;;1;;1;;
22248;;;1;;1;;
22249;1;;;1517;1;;Orate pro scriptore
22250;;;1;;1;;
22251;;;1;;1;;
22252;;;1;;1;1;
22253;;;1;;1;;
22254;;;1;;1;;
22255;;;1;;1;;
22256;;;1;;1;;
22257;;;1;;1;;
22258;;;1;;11;;
22259;;;1;;1;;
22260;;;1;;1;;
22261;;;1;;1;;
22262;1;;;1444;1;;scriptorem protege
22263;1;;;1444;1;;scriptorem protege
22264;;;1;;1;;
22265;;;1;;1;;
22266;;;1;;1;;
22267;;;1;;1;;
22268;;;1;;1;;
22269;;;1;;1;;
22270;;;1;;1;;
22271;;;1;;1;;
22272;;;1;;1;;
22273;;;1;;1;;
22274;;;1;;1;;
22275;;;1;;1;;
22276;;;1;;1;;
22277;;;1;;1;;
22278;;;1;;1;;
22279;;;1;;1;;
22280;;;1;;1;;
22281;;;1;;1;;
22282;;;1;;1;;
22283;;;1;;1;;
22284;;;1;;1;;
22285;;;1;;1;;
22286;;;1;;1;;
22287;;;1;;1;;
22288;;;1;;1;;
22289;;;1;;1;;
22290;;;1;;1;;
22291;;;1;;1;;
22292;;;1;;1;;
22293;;;1;;1;;
22294;;;1;;1;;
22295;1;;;1400-t;1;;Laus non scriptori
22296;;;1;;1;;
22297;;;1;;1;;
22298;;;1;;1;;
22299;;;1;;1;;
22300;;;1;;1;;
22301;1;;;1300-t;1;;Scriptori vitam
22302;;;1;;1;;
22303;;;1;;1;;
22304;;;1;;1;;
22305;;;1;;1;;
22306;;;1;;1;;
22307;;;1;;1;;
22308;;;1;;1;;
22309;;;1;;1;;
22310;;;1;;1;;
22311;;;1;;1;;
22312;;;1;;1;;
22313;;;1;;1;;
22314;;;1;;1;;
22315;;;1;;1;;
22316;1;;;1300-t;1;;Manus scriptoris salventur
22317;1;;;1300-t;1;;Qui scripsit hunc librum
22318;;;1;;1;;
22319;;;1;;1;;
22320;;;1;;1;;
22321;;;1;;1;;
22322;;;1;;1;;
22323;;;1;;1;;
22324;;;1;;1;;
22325;;;1;;1;;
22326;;;1;;1;;
22327;;;1;;1;;
22328;;;1;;1;;
22329;;;1;;1;;
22330;1;;;1411;1;;Scriptoris ob meritum
22331;;;1;;1;;
22332;;;1;;1;;
22333;;;1;;1;;
22334;;;1;;1;;
22335;;;1;;1;;
22336;;;1;;1;;
22337;1;;;1400-t;1;;Scriptorem in caelestem 
22338;;;1;;1;;
22339;;;1;;1;;
22340;;;1;;1;;
22341;1;;;1536;1;;Scriptor qui scripsit
22342;;;1;;1;;
22343;;;1;;1;;
22344;;;1;;1;;
22345;;;1;;1;;
22346;;;1;;1;;
22347;;;1;;1;;
22348;;;1;;1;;
22349;;;1;;1;;
22350;;;1;;1;;
22351;;;1;;1;;
22352;;;1;;1;;
22353;1;;;1400-t;1;;Detur pro pena scriptori pulcra puella
22354;1;;;1400-t;1;;Orate deum pro scriptore
22355;;;1;;1;;
22356;;;1;;1;;
22357;;;1;;1;;
22358;;;1;;1;;
22359;;;1;;1;;
22360;;;1;;1;;
22361;;;1;;1;;
22362;;;1;;1;;
22363;;;1;;1;;
22364;;;1;;1;;
22365;1;;;12-1300-t;1;;Scriptor fuit talis
22366;;;1;;1;;
22367;;;1;;1;;
22368;;;1;;1;;
22369;1;;;1200-t;1;;Scriptori requiem tribuat deus
22370;;;1;;1;;
22371;1;;;1300-t;1;;scriptor sit crimine liber
22372;1;;;1200-t;1;;Qui scripsit scribat
22373;;;1;;1;;
22374;;;1;;1;;
22375;1;;;1300-t;1;;ludere scriptor eat
22376;;;1;;1;;
22377;;;1;;1;;
22378;;;1;;1;;
22379;;;1;;1;;
22380;;;1;;1;;
22381;;;1;;1;;
22382;;;1;;1;;
22383;;;1;;1;;
22384;;;1;;1;;
22385;;;1;;1;;
22386;1;;;1400-t;1;;Qui scripsit scribat
22387;1;;;1400-t;1;;Qui scripsit scribat
22388;;;1;;1;;
22389;1;;;1412;1;;scriptor quoque fessus
22390;;;1;;1;;
22391;;;1;;1;;
22392;;;1;;1;;
22393;;;1;;1;;
22394;1;;;;1;;
22395;;;1;;1;;
22396;;;1;;1;;
22397;;;1;;1;;
22398;;;1;;1;;
22399;;;1;;1;;
22400;;;1;;1;;
22401;;;1;;1;;
22402;;;1;;1;;
22403;;;1;;1;;
22404;1;;;1200-t;1;;sit scriptor termine liber
22405;1;;;;1;;qui scripsit sit benedictus
22406;;;1;;1;;
22407;;;1;;1;;
22408;;;1;;1;;
22409;;;1;;1;;
22410;;;1;;1;;
22411;;;1;;1;;
22412;;;1;;1;;
22413;;;1;;1;;
22414;;;1;;1;;
22415;;;1;;1;;
22416;;;1;;1;;
22417;1;;;1200-t;1;;Detur pro penna scriptori pulcra puella
22418;1;;;1300-t;1;;Detur scriptori merces equata labori
22419;1;;;1200-t;1;;Dextera scriptoris careat gravitate doloris
22420;1;;;1300-t;1;;ludere scriptor eat
22421;1;;;1200-t;1;;ludere scriptor eat
22422;;;1;;1;;
22423;1;;;1300-t;1;;scriptor sit crimine liber
22424;1;;;1200-t;1;;sit scriptor crimine liber
22425;;;1;;1;;
22426;;;1;;1;;
22427;1;;;1200-t;1;;cuius scriptori
22428;;;1;;1;;
22429;1;;;1200-t;1;;Qui scripsit scribat
22430;1;;;1400-t;1;;Manus scriptoris salvetur
22431;1;;;1300-t;1;;Mentem scriptoris salvet deus
22432;1;;;1400-t;1;;Michi scriptori gratiam det semper amoris
22433;1;;;1200-t;1;;Premia scriptori
22434;;;1;;1;;
22435;;;1;;1;;
22436;1;;;1300-t;1;;Qui scripsit hec scripta
22437;1;;;1300-t;1;;Qui scripsit scripta
22438;1;;;1472;1;;Qui scripsit scribat
22439;;;1;;1;;
22440;1;;;1200-t;1;;Sit scriptor sanus
22441;;;1;;1;;
22442;1;;;1300-t;1;;Vinum scriptori debetur
22443;;;1;;1;;
22444;1;;;1300-t;1;;sit scriptor crimine liber
22445;;;1;;1;;
22446;;;1;;1;;
22447;;;1;;1;;
22448;;;1;;1;;
22449;;;1;;1;;
22450;;;1;;1;;
22451;;;1;;1;;
22452;1;;;1400-t;1;;Et bene scriptori vivere
22453;;;1;;;1;
22454;;;1;;1;;
22455;1;;;1400-t;1;;pro scriptore dic unum ave
22456;1;;;1170;1;;scriptoris voce
22457;;;1;;1;;
22458;;1;;;;1;Leest … een Ave Maria voer die arme scrivester
22459;;;1;;1;;
22460;;;1;;1;;
22461;;;1;;1;;
22462;;;1;;1;;
22463;;;1;;1;;
22464;;;1;;1;;
22465;;;1;;1;;
22466;1;;;700-t;1;;scriptori praemia aeterna
22467;;;1;;1;;
22468;1;;;900-t;1;;scribenti pax
22469;1;;;;1;;scriptori vita et fortuna
22470;1;;;1100-t;1;;scriptori vita et fortuna
22471;1;;;800-t;1;;scribenti salutem in xpo aeternam
22472;;;1;;1;;
22473;1;;;1379;;1;du clerc qui son songe escript
22474;;;1;;1;;
22475;;;1;;1;;
22476;;;1;;1;;
22477;;;1;;1;;
22478;;;1;;1;;
22479;1;;;1100-t;1;;Libri scriptoris
22480;1;;;;1;;Libri scriptoris
22481;;;1;;1;;
22482;;;1;;1;;
22483;;;1;;1;;
22484;1;;;1300-t;1;;scriptor saltat
22485;1;;;12-1300-t;1;;ludere scriptor eat
22486;;;1;;1;;
22487;;;1;;1;;
22488;;;1;;1;;
22489;;;1;;1;;
22490;;;1;;1;;
22491;;;1;;1;;
22492;;;1;;1;;
22493;;;1;;1;;
22494;1;;;1300-t;1;;Qui scripsit
22495;1;;;1200-t;1;;Scriptor salvetur
22496;1;;;1300;1;;Libro finito, scriptor saltat pede leto. Sunt michi kanky panky
22497;;;1;;;1;
22498;;;1;;1;;
22499;;;1;;1;;
22500;;;1;;1;;
22501;;;1;;1;;
22502;;;1;;1;;
22503;;;1;;1;;
22504;;;1;;1;;
22505;;;1;;1;;
22506;;;1;;1;;
22507;;;1;;1;;
22508;1;;;1275;1;;qui scripsit
22509;;;1;;1;;
22510;;;1;;;1;
22511;;;1;;;1;
22512;;;1;;;1;
22513;;;1;;;1;
22514;;;1;;;1;
22515;;;1;;;1;
22516;;;1;;;1;
22517;;;1;;1;;
22518;;;1;;1;;
22519;;;1;;1;;
22520;;;1;;;1;
22521;;;1;;1;;
22522;;;1;;1;;
22523;;;1;;;1;
22524;1;;;1400-t;1;;ut det scriptori
22525;;;1;;1;;
22526;1;;;1300-t;1;;Qui scripsit hunc librum
22527;1;;;1372;;;Manus scriptoris
22528;1;;;1300-t;;;Manus scriptoris
22529;1;;;13-1400-t;;;Manus scriptoris
22530;1;;;1200-t;;;Manus scriptoris
22531;1;;;1300-t;;;Manus scriptoris
22532;1;;;1300-t;;;Manus scriptoris
22533;1;;;1300-t;;;Manus scriptoris
22534;1;;;1387;;;Manus scriptoris
22535;1;;;1300-t;;;Manus scriptoris
22536;1;;;1300-t;;;Manus scriptoris
22537;1;;;1200-t;;;Manus scriptoris
22538;1;;;1300-t;;;Manus scriptoris
22539;1;;;1200-t;;;Manus scriptoris
22540;;;1;;;1;
22541;;;1;;;1;
22542;;;1;;1;;
22543;;;1;;1;;
22544;;;1;;1;;
22545;;;1;;1;;
22546;;;1;;1;;
22547;;;1;;1;;
22548;;;1;;;1;
22549;;;1;;1;;
22550;1;;;1271;1;;Me qui scripsit…
22551;;;1;;1;;
22552;;;1;;1;;
22553;;;1;;1;;
22554;;;1;;1;;
22555;;;1;;1;;
22556;1;;;1400-t;;1;synful caytyf man
22557;;;1;;1;;
22558;;;1;;1;;
22559;;;1;;1;;
22560;;;1;;1;;
22561;1;;;8-900-t;1;;Memento scriptoris
22562;1;;;1451;1;;Memento scriptoris
22563;1;;;1442;1;;Memento scriptoris
22564;;;1;;1;;
22565;;;1;;1;;
22566;;;1;;1;;
22567;1;;;1400-t;1;;Merces scriptori
22568;1;;;;1;;Merces scriptoris
22569;1;;;1400-t;1;;Merces scriptoris
22570;1;;;1100-t;1;;Merces scriptoris
22571;1;;;1402;1;;Merces scriptoris
22572;1;;;1300-t;1;;Merces scriptoris
22573;;;1;;1;;
22574;;;1;;1;;
22575;;;1;;;1;
22576;;;1;;;1;
22577;;;1;;1;1;
22578;;;1;;;1;
22579;;;1;;;1;
22580;;;1;;1;;
22581;;;1;;1;;
22582;;;1;;1;;
22583;;;1;;1;;
22584;;;1;;1;;
22585;;;1;;;1;
22586;;;1;;1;;
22587;;;1;;1;;
22588;;;1;;1;;
22589;;;1;;1;;
22590;;;1;;1;;
22591;1;;;1100-t;1;;Mundi post maria scriptori
22592;1;;;;;;Munera reddentur scriptori
22593;;1;;800-t;1;;Fecit hoc et mulier verbis laudata tonantis
22594;;;1;;;1;
22595;;;1;;;1;
22596;;;1;;;1;
22597;;;1;;;1;
22598;;;1;;1;;
22599;;;1;;1;;
22600;1;;;1000-t;1;;Sic scriptor fessus
22601;;;1;;1;;
22602;;;1;;1;;
22603;;;1;;1;;
22604;;;1;;1;;
22605;;;1;;1;;
22606;;;1;;1;;
22607;1;;;1200-t;1;;Qui scripsit scripta
22608;;;1;;1;;
22609;;;1;;;1;
22610;;;1;;1;;
22611;;;1;;1;;
22612;;;1;;1;;
22613;;;1;;1;;
22614;;;1;;1;;
22615;;;1;;1;;
22616;;;1;;1;;
22617;;;1;;1;;
22618;;;1;;1;;
22619;1;;;1400-t;1;;Nomen scriptoris
22620;1;;;1300-t;1;;Nomen scriptoris
22621;1;;;;1;;Nomen scriptoris
22622;1;;;1461;1;;Nomen scriptoris
22623;1;;;1421;1;;Nomen scriptoris
22624;1;;;1300-t;1;;Nomen scriptoris
22625;;;1;;1;;
22626;;;1;;1;;
22627;;;1;;1;;
22628;;;1;;1;;
22629;;;1;;1;;
22630;;;1;;1;;
22631;1;;;1400-t;1;;Corpus scriptoris servat deus omnibus horis
22632;1;;;;1;;Vinum scriptori tradatur de meliori
22633;1;;;;1;;Non sit tibi grave pro scriptore dicere
22634;;;1;;1;;
22635;;;1;;1;;
22636;;;1;;1;;
22637;;;1;;1;;
22638;;;1;;1;;
22639;;;1;;1;;
22640;;;1;;1;;
22641;;;1;;1;;
22642;;;1;;1;;
22643;;;1;;1;;
22644;;;1;;1;;
22645;;1;;1500;;1;Nota bidt voer die scriefster om gods willen, die dit boeck ghescreven heeft
22646;;;1;;1;;
22647;;;1;;;1;
22648;;;1;;;1;
22649;;;1;;1;;
22650;;;1;;;1;
22651;;;1;;1;;
22652;;;1;;1;;
22653;;;1;;1;;
22654;;;1;;1;;
22655;;;1;;1;1;
22656;1;;;1475;1;;Christus scriptorem celis faciet sine fine
22657;;;1;;1;;
22658;;;1;;1;;
22659;1;;;1514;1;;Quia penna fuit vilis, scriptor veru puerilis
22660;;;1;;1;;
22661;1;;;1100-t;1;;miserere michi peccatoris
22662;;;1;;;1;
22663;1;;;1200-t;1;;Ora pro sacerdote qui scripsit hanc bibliam
22664;1;;;1000-t;1;;mercede pro peccatis scriptorum eius
22665;;;1;;1;;
22666;;;1;;1;;
22667;;;1;;1;;
22668;;;1;;1;;
22669;1;;;13-1400-t;1;;audi me miserum
22670;;;1;;1;;
22671;;;1;;1;;
22672;1;;;1400-t;1;;scriptorem relinquere noli
22673;1;;;1400-t;1;;scriptor scripsisset
22674;;;1;;1;;
22675;;;1;;1;;
22676;1;;;;1;;me scriptori in mente abete (scriba Ikila)
22677;1;;;1100-t;1;;orate pro anima illius qui scripsit librum istum
22678;1;;;1100-t;1;;Da, pius, aeternum scriptori scandere regnum
22679;;;1;;1;;
22680;;;1;;;1 (gresk);
22681;1;;;1300-t;1;;Et pro scriptore orare
22682;;;1;;1;;
22683;1;;;1400-t;1;;scriptorem linquere noli
22684;;;1;;1;;
22685;1;;;1462;1;;O scriptor cessa
22686;1;;;13-1400-t;1;;O scriptor cessa
22687;;1;;1300-t;1;;O scriptrix cessa
22688;;;1;;;1;
22689;1;;;1300-t;1;;exora pro scriptore
22690;;;1;;1;;
22691;;;1;;1;;
22692;;;1;;1;;
22693;;;1;;1;;
22694;;;1;;1;;
22695;;;1;;1;;
22696;;;1;;1;;
22697;;;1;;;1;
22698;;;1;;;1;
22699;;;1;;1;;
22700;;;1;;1;;
22701;;;1;;1;;
22702;1;;;1100-t;1;;Nomine scriptoris qui potior sine re
22703;;;1;;1;;
22704;1;;;800-t;1;;pro scriptore humillimo et peccatore orare
22705;1;;;;;1;
22706;;;1;;1;;
22707;;;1;;1;;
22708;;;1;1300-t;1;;ref til virgo Kunegundis (helgen?) Heilsbronn
22709;;;1;;1;;
22710;;;1;;1;;
22711;;1;;1400-t;1;1;? Femina ditatur, cui clericus associatur ?
22712;1;;;1300-t;1;;Skriververs av en viss natur
22713;;;1;;1;;
22714;;;1;;1;;
22715;;;1;;1;;
22716;;;1;;1;;
22717;;;1;;1;;
22718;;;1;;1;;
22719;;;1;;1;;
22720;;;1;;1;;
22721;;;1;;1;;
22722;;;1;;1;;
22723;;;1;;1;;
22724;1;;;800-t;1;;Ora pro me peccatore
22725;;;1;;1;;
22726;;;1;;1;;
22727;;;1;;1;;
22728;;;1;;1;;
22729;1;;;7-800-t;1;;precor, ut eorum scriptorem - nomen non scribo - 
22730;;;1;;1;;
22731;1;;;800-t;1;;pro me misello qui scripsi
22732;;;1;;1;;
22733;;;1;;1;;
22734;;;1;;1;;
22735;1;;;1400-t;1;;saltat scriptor pede leto
22736;;;1;;1;;
22737;1;;;1400-t;1;;Scriptoris miseri dignare
22738;;;1;;1;;
22739;;;1;;1;;
22740;1;;;1300-t;1;;Scriptoris munus sit bos bonus
22741;;;1;;1;;
22742;;;1;;1;;
22743;;;1;;1;;
22744;;;1;;1;;
22745;1;;;1400;1;;Scriptor ego gratias ago
22746;;;1;;1;;
22747;;;1;;1;;
22748;;;1;;;1;
22749;;;1;;1;;
22750;;;1;;;1;
22751;;;1;;1;;
22752;1;;;9-1000-t;1;;Ora pro me (…) peccatorem
22753;;;1;;1;;
22754;;;1;;1;;
22755;1;;;1400-t;1;;Ora pro scriptore
22756;1;;;;1;;Ora pro scriptore
22757;1;;;1455;1;;Orate deo pro scriptore
22758;1;;;1586;1;;Orate deum et pro me misero peccatore
22759;1;;;1431;1;;Orate deum pro scriptore
22760;1;;;1469;1;;Orate deum pro scriptore
22761;;;1;;1;;
22762;;;1;;1;;
22763;1;;;1493;1;;Orate pro me peccatore
22764;1;;;1468;1;;Orate pro me peccatore
22765;1;;;1300-t;1;;Orate pro me peccatore propter deum
22766;;;1;;1;;
22767;1;;;1400-t;1;;Orate pro me scriptore
22768;1;;;1400-t;1;;Ora pro me scriptore
22769;1;;;1400-t;1;;Orate pro scriptore
22770;1;;;1430;1;;Orate pro scriptore
22771;1;;;1450;1;;Orate pro scriptore
22772;1;;;1462;1;;Orate pro scriptore
22773;1;;;;1;;Orate pro scriptore
22774;1;;;1459;1;;Orate pro scriptore
22775;1;;;1400-t;1;;Orate pro scriptore
22776;1;;;1400-t;1;;Orate pro scriptore
22777;1;;;1454;1;;Orate pro scriptore
22778;1;;;1467;1;;Orate pro scriptore
22779;1;;;1400-t;1;;Orate pro scriptore
22780;1;;;1446;1;;Orate pro scriptore
22781;1;;;1400-t;1;;Orate pro scriptore
22782;1;;;1468;1;;Orate pro scriptore
22783;1;;;1400-t;1;;Orate pro scriptore
22784;1;;;1400-t;1;;Orate pro scriptore
22785;1;;;1400-t;1;;Orate pro scriptore
22786;1;;;1460;1;;Orate pro scriptore
22787;;;1;;1;;
22788;;1;;1454;1;;Orate pro scriptrice
22789;1;;;1300-t;1;;Orate pro vita scriptoris
22790;1;;;1411;1;;Orate propter pro scriptore
22791;1;;;1463;1;;Orate, quaeso, pro scriptore
22792;;;1;;1;;
22793;;;1;;1;;
22794;;;1;;;1;
22795;;;1;;1;;
22796;1;;;13-1400-t;1;;Mortuus sum, non revertar
22797;1;;;1393;1;;Oretis ergo … pro huius libri comparatore
22798;1;;;1441;1;;Oretis pro me, peccatore misero
22799;1;;;1425;1;;Oretis pro scriptore
22800;1;;;1400-t;1;;Oretis pro scriptore
22801;1;;;1453;1;;Oretis pro scriptore
22802;1;;;1100-t;1;;scriptoris memor sit
22803;;;1;;1;;
22804;;;1;;1;;
22805;;;1;;1;;
22806;;;1;;1;;
22807;;;1;;1;;
22808;;;1;;1;1;
22809;;;1;;;1;
22810;;;1;;1;;
22811;;;1;;;1;
22812;;;1;;1;;
22813;;;1;;1;;
22814;1;;;1400-t;1;;Pomponius tuus orat
22815;;;1;;1;;
22816;1;;;1200-t;1;;Pater noster pro anima notarii
22817;;;1;;1;;
22818;1;;;1200-t;1;;protege scriptorem
22819;;;1;;1;;
22820;1;;;1460;1;;…ad usum fratris …de …novis, quam manu propria scripsit
22821;;;1;;1;;
22822;;;1;;1;;
22823;;;1;;1;;
22824;;;1;;1;;
22825;;;1;;1;;
22826;;;1;;1;;
22827;;;1;;1;;
22828;;;1;;1;;
22829;1;;;1471;1;;Explicit per me fratrem, cuius nomen
22830;;;1;;1;;
22831;1;;;700-t;1;;Peccator et indignus homo
22832;;;1;;;1;
22833;;;1;;1;;
22834;1;;;1500-t;1;;Pena scriptoris prodetur gloria dei
22835;1;;;;1;;Penna fuit vilis et scriptor nimis puerilis
22836;;;1;;1;;
22837;;;1;;1;;
22838;1;;;1400-t;1;;Detur scriptori pro pena pulcra puella et amena
22839;;;1;;1;;
22840;;;1;;1;;
22841;;;1;;1;;
22842;;;1;;1;;
22843;;;1;;1;;
22844;;;1;;1;;
22845;;;1;;1;;
22846;;;1;;1;;
22847;1;;;1200-t;1;;Pennula scriptoris cesset
22848;;;1;;1;;
22849;;;1;;1;;
22850;;;1;;1;;
22851;;;1;;1;;
22852;;;1;;1;;
22853;;;1;;1;;
22854;;;1;;1;;
22855;;;1;;1;;
22856;;;1;;1;;
22857;;;1;;1;;
22858;;;1;;1;;
22859;;;1;;1;;
22860;;;1;;1;;
22861;;;1;;1;;
22862;;;1;;1;;
22863;;;1;;1;;
22864;;;1;;1;;
22865;;;1;;1;;
22866;;;1;;1;;
22867;;;1;;1;;
22868;;;1;;1;;
22869;;;1;;1;;
22870;;;1;;1;;
22871;;;1;;1;;
22872;1;;;1412;1;;Scriptor scripsisset
22873;;;1;;1;;
22874;;;1;;1;;
22875;;;1;;1;;
22876;;;1;;1;;
22877;;;1;;1;;
22878;1;;;1400-t;1;;scriptorem linquere noli
22879;;;1;;1;;
22880;;;1;;1;;
22881;1;;;1474;1;;per manus cuiusdam fratris
22882;1;;;1441;1;;per manus cuiusdam pauperis
22883;1;;;;1;;per manus cuiusdam servitoris
22884;;;1;;;;per manus cuiusdam et non per pedes (:-))
22885;;;1;;;;
22886;1;;;1400-t;1;;per manus duorum sociorum uno nomine
22887;1;;;1420;1;;Dentur scriptori celica regna
22888;;;1;;;;
22889;;;1;;;;
22890;1;;;1300-t;1;;per manus illius qui bene bibit
22891;1;;;1400-t;1;;per manus illius qui scripsit
22892;;;1;;;;
22893;;;1;;;;
22894;;;1;;;;
22895;;;1;;;;
22896;;;1;;;;
22897;1;;;1381;1;;per manus pauperis
22898;;;1;;;;
22899;;;1;;;;
22900;1;;;1429;1;;per manus scriptoris
22901;1;;;1465;1;;per manus unius fratris
22902;;;1;;;1;
22903;;;1;;1;;
22904;1;;;1200-t;1;;Per monachum novi, quod claustrum stat domus ovi
22905;;;1;;1;;
22906;;;1;;1;;
22907;;;1;;;1;
22908;;;1;;1;;
22909;;;1;;1;;
22910;;;1;;1;;
22911;;;1;;1;;
22912;;;1;;1;;
22913;;;1;;1;;
22914;;;1;;1;;
22915;;;1;;1;;
22916;;;1;;1;;
22917;1;;;1200-t;1;;Merces scriptoris permanet ipse deus
22918;;;1;;1;;
22919;;;1;;1;;
22920;;;1;;1;;
22921;1;;;;1;;
22922;;;1;;1;;
22923;;;1;;1;;
22924;;;1;;;1;
22925;;;1;;1;;
22926;;;1;;1;;
22927;;;1;;1;1;
22928;;;1;;;1;
22929;;;1;;1;;
22930;;;1;;;1;
22931;;;1;;;1;
22932;;;1;;;1;
22933;;;1;;1;;
22934;1;;;1200-t;1;;Illius ut scriptor sit mundi
22935;1;;;800-t;1;;ut oret pro scriptore
22936;1;;;;1;;Poscunt scriptores
22937;1;;;1458;1;;presens scriptura finit fratribus profutura
22938;;;1;;1;;
22939;;;1;;1;;
22940;;;1;;1;;
22941;;;1;;1;;
22942;1;;;1400-t;;1;Pour cil qui ce livre a escript
22943;;;1;;;;
22944;;;1;;;;
22945;;;1;;;;
22946;;;1;;;;
22947;1;;;1300-t;;1;Pregate per lo pobre ermita
22948;;;1;;;1;
22949;;;1;;1;;
22950;;;1;;1;;
22951;;;1;;;1;
22952;;;1;;;1;
22953;;;1;;;1;
22954;;;1;;;1;
22955;;;1;;1;;
22956;;;1;;1;;
22957;;;1;;1;;
22958;;;1;;1;;
22959;;;1;;1;;
22960;1;;;1400-t;1;;Scriptor qui scripsit
22961;;;1;;1;;
22962;;;1;;1;;
22963;1;;;1437;1;1;Priega lettoe iddio, che faccia misericordia allo scriptore
22964;1;;;1300-t;;1;Priez dieu pour lui et pour cellui qui la script
22965;1;;;1400-t;;1;Priez dieu pour luy et pour celuy qui la script
22966;1;;;1461;;1;Priez nostre seigneur … pour cil qui lescript
22967;1;;;1442;;1;Pries pour cellui qui la fait escrire et qui la escrit ossi
22968;1;;;1274;;1;Pries pour celi ki lescrist
22969;1;;;1289;;1;Pries pour celui qui lescrist
22970;1;;;1324;;1;Priez pour celui qui lescrit
22971;1;;;1400-t;;1;Priez pour cellui qui le fist, qui la fait faire et qui lescrit
22972;1;;;1347;;1;Pries pour celui qui les fist escrire et pour le clerc qui les escrit
22973;1;;;1554;;1;Priez pour celuy qui mescripvoit
22974;;;1;;;1;
22975;;;1;;1;;
22976;;;1;;1;;
22977;;;1;;1;;
22978;;;1;;1;;
22979;;;1;;1;;
22980;;;1;;1;;
22981;;;1;;1;;
22982;;;1;;1;;
22983;1;;;14-1500-t;1;;Pro eo proque scriptore pias preces 
22984;1;;;1462;1;;per quendam studentem minus bene diligentem
22985;;;1;;1;;
22986;1;;;1441;1;;Pro labore orate pro scriptore
22987;1;;;1000-t;1;;Pro magistro exorate, cuius adiutorio auctor indiget et scriptor
22988;1;;;1300-t;1;;Pro me Francisce orare oro
22989;1;;;1500-t;1;;Scriptor ad lectorem
22990;1;;;1200-t;1;;Pro misero scriptore
22991;;;1;;1;;
22992;;;1;;1;;
22993;;;1;;1;;
22994;;;1;;1;1;
22995;;;1;;1;;
22996;;;1;;1;;
22997;;;1;;1;;
22998;;;1;;1;;
22999;;;1;;1;;
23000;;;1;;1;;
23001;;;1;;1;;
23002;;;1;;1;;
23003;;;1;;1;;
23004;;;1;;1;;
23005;;;1;;1;;
23006;;;1;;1;;
23007;;;1;;1;;
23008;;;1;;1;;
23009;;;1;;1;;
23010;;;1;;1;;
23011;;;1;;1;;
23012;;;1;;1;;
23013;1;;;1200-t;1;;Pro scriptore
23014;1;;;1100-t;1;;Pro scriptore
23015;1;;;1300-t;1;;Pro scriptore
23016;1;;;1446;1;;Pro scriptore
23017;;;1;;1;;
23018;;;1;;1;;
23019;;;1;;1;;
23020;1;;;1200-t;1;;Protege scriptorem
23021;1;;;800-t;1;;Scriptori imperito
23022;;;1;;;1;
23023;;;1;;;1;
23024;;;1;;1;;
23025;;;1;;1;;
23026;;;1;;1;;
23027;;;1;;;1;
23028;;;1;;1;;
23029;;;1;;1;;
23030;;;1;;1;;
23031;;1;;1400-t;1;;Que scripsit haec scripta
23032;1;;;1400-t;1;;Quem (!) scripsit scribat
23033;1;;;600-t;1;;ita scribtori
23034;;;1;;1;;
23035;1;;;1400-t;;1;Il nome del iscriptore non si nomina
23036;;;1;;1;;
23037;;;1;;;1;
23038;;;1;;;1;
23039;;;1;;1;;
23040;;;1;;;1;
23041;;;1;;1;1;
23042;;;1;;1;1;
23043;;;1;;1;;
23044;;;1;;1;;
23045;1;;;900-t;1;;scriptori crimina parce
23046;1;;;1200-t;1;;qui scripsit sit benedictus
23047;;;1;;1;;
23048;;;1;;1;;
23049;;;1;;1;;
23050;;;1;;1;;
23051;1;;;1300-t;1;;ludere scriptor eat
23052;1;;;1200-t;1;;Qui scripsit scribat
23053;;;1;;1;;
23054;;;1;;1;;
23055;;;1;;1;;
23056;1;;;1400-t;1;;Qui eas scripsit, sit benedictus
23057;1;;;1400-t;;1;Qui escript et fist ce livre
23058;;;1;;1;;
23059;1;;;1300-t;1;;Qui fecit et scripsit hec
23060;;;1;;1;;
23061;1;;;1400-t;1;;Qui fecit hoc opus
23062;1;;;1300-t;1;;Qui fecit hunc librum
23063;1;;;1300-t;1;;Qui fecit scribere hunc librum, et qui scripsit
23064;1;;;1300-t;1;;Qui fecit sit benedictus
23065;1;;;;1;;Qui hunc librum scripsit
23066;1;;;1200-t;1;;Qui hun librum transcribere voluerit…
23067;;;1;;1;;
23068;;;1;;1;;
23069;;;1;;1;;
23070;1;;;1100-t;1;;vitam scriptori posce beatam
23071;;;1;;1;;
23072;1;;;700-t;1;;ora pro me infirmo scriptore
23073;1;;;;1;;ora pro scriptore
23074;1;;;700-t;1;;ora pro scriptore
23075;1;;;800-t;1;;ora pro scriptore
23076;1;;;1300-t;1;;scriptorem non reprehendat
23077;1;;;1300-t;1;;scriptorem non reprehendat
23078;1;;;1300-t;1;;scriptorem non reprehendat
23079;1;;;1200-t;1;;Pro scriptore
23080;1;;;1300-t;1;;scriptoris basiat hersum
23081;;;1;;1;;
23082;1;;;;1;;Qui librum scripsit
23083;1;;;1400-t;1;;Qui me complevit
23084;1;;;1300-t;1;;Qui me finivit
23085;1;;;1328;1;;Qui me finivit
23086;1;;;;1;;Qui me finivit
23087;;;1;;1;;
23088;;;1;;1;;
23089;;;1;;1;;
23090;;;1;;1;;
23091;;;1;;1;;
23092;;;1;;1;;
23093;1;;;1424;1;;Qui me scribebat
23094;1;;;1400-t;1;;Qui me schribebat
23095;1;;;1356;1;;Qui me scripserat
23096;;;1;;1;;
23097;;;1;;1;;
23098;1;;;1100-t;1;;Scriptori miserere
23099;;;1;;1;;
23100;;;1;;1;;
23101;;;1;;1;;
23102;1;;;1200-t;1;;Scriptorem tanto meliore servat honore
23103;;;1;;1;;
23104;;;1;;1;;
23105;1;;;1396;1;;precium vult scriptor habere
23106;;;1;;1;;
23107;1;;;800-t;1;;Sic et scriptori novissimus versus
23108;1;;;800-t;1;;Ita scriptori novissimus versus
23109;;;1;;1;;
23110;1;;;1300-t;1;;Qui scribi fecit, sit ille beatus
23111;1;;;1200-t;1;;Qui scribit scribat
23112;1;;;1200-t;1;;Qui scripsi gesta tua
23113;1;;;1300-t;1;;Qui scripsit carmen
23114;1;;;1300-t;1;;Qui scripsit carmen
23115;1;;;1400-t;1;;Qui scripsit carmen
23116;1;;;1300-t;1;;Qui scripsit carmen
23117;1;;;1300-t;1;;Qui scripsit carmen
23118;1;;;1400-t;1;;Qui scripsit carmen
23119;1;;;1334;1;;Qui scripsit carmen
23120;1;;;1300-t;1;;Qui scripsit carmen
23121;1;;;1300-t;1;;Qui scripsit carmen
23122;1;;;1300-t;1;;Qui scripsit carmen
23123;1;;;1300-t;1;;Qui scripsit carmen
23124;1;;;1400-t;1;;Qui scripsit carmen
23125;1;;;12-1300-t;1;;Qui scripsit carmen
23126;1;;;1400-t;1;;Qui scripsit carmen
23127;1;;;1304;1;;Qui scripsit et scribat
23128;1;;;12-1300-t;1;;Qui scripsit
23129;1;;;1200-t;1;;Qui scripsit hanc litteram
23130;1;;;1200-t;1;;Qui scripsit hec scripta
23131;1;;;;1;;Qui scripsit hec scripta
23132;1;;;1300-t;1;;Qui scripsit hoc carmen
23133;1;;;1300-t;1;;Qui scripsit hoc 
23134;1;;;1400-t;1;;Qui scripsit hoc totum
23135;1;;;1200-t;1;;Qui scripsit hos versos
23136;1;;;1276;1;;Qui scripsit hunc librum
23137;1;;;1252;1;;Qui scripsit hunc librum
23138;1;;;1300-t;1;;Qui scripsit hunc librum
23139;1;;;1400-t;1;;Qui scripsit hunc librum
23140;1;;;1300-t;1;;Qui scripsit hunc librum
23141;1;;;1200-t;1;;Qui scripsit hunc librum
23142;1;;;1300-t;1;;Qui scripsit hunc librum
23143;1;;;1300-t;1;;Qui scripsit hunc librum
23144;1;;;1400-t;1;;Qui scripsit hunc librum
23145;1;;;1400-t;1;;Qui scripsit hunc librum
23146;1;;;1400-t;1;;Qui scripsit hunc librum
23147;1;;;1400-t;1;;Qui scripsit hunc librum
23148;1;;;1000-t;1;;Qui scripsit hun quaternum
23149;1;;;13-1400-t;1;;Qui scripsit librum
23150;1;;;1200-t;1;;Qui scripsit literam
23151;1;;;;1;;Qui scripsit monumen
23152;1;;;;;1;Qui iscrisit iscribat
23153;1;;;;1;;Qui scripsit scribat
23154;1;;;;1;;Qui scripsit scribat
23155;1;;;;1;;Qui scripsit scribat
23156;1;;;;1;;Qui scripsit scribat
23157;1;;;;1;;Qui scripsit scribat
23158;1;;;;1;;Qui scripsit scribat
23159;1;;;;1;;Qui scripsit scribat
23160;1;;;;1;;Qui scripsit scribat
23161;1;;;;1;;Qui scripsit scribat
23162;1;;;;1;;Qui scripsit scribat
23163;1;;;;1;;Qui scripsit scribat
23164;1;;;;1;;Qui scripsit scribat
23165;1;;;;1;;Qui scripsit scribat
23166;1;;;;1;;Qui scripsit scribat
23167;1;;;;1;;Qui scripsit scribat
23168;1;;;;1;;Qui scripsit scribat
23169;1;;;;1;;Qui scripsit scribat
23170;1;;;;1;;Qui scripsit scribat
23171;1;;;;1;;Qui scripsit scribat
23172;1;;;;1;;Qui scripsit scribat
23173;1;;;;1;;Qui scripsit scribat
23174;1;;;;1;;Qui scripsit scribat
23175;1;;;;1;;Qui scripsit scribat
23176;1;;;;1;;Qui scripsit scribat
23177;1;;;;1;;Qui scripsit scribat
23178;1;;;;1;;Qui scripsit scribat
23179;1;;;;1;;Qui scripsit scribat
23180;1;;;;1;;Qui scripsit scribat
23181;1;;;;1;;Qui scripsit scribat
23182;1;;;;1;;Qui scripsit scribat
23183;1;;;;1;;Qui scripsit scribat
23184;1;;;;1;;Qui scripsit scribat
23185;1;;;;1;;Qui scripsit scribat
23186;1;;;;1;;Qui scripsit scribat
23187;1;;;;1;;Qui scripsit scribat
23188;1;;;;1;;Qui scripsit scribat
23189;1;;;;1;;Qui scripsit scribat
23190;1;;;;1;;Qui scripsit scribat
23191;1;;;;1;;Qui scripsit scribat
23192;1;;;;1;;Qui scripsit scribat
23193;1;;;;1;;Qui scripsit scribat
23194;1;;;;1;;Qui scripsit scribat
23195;1;;;;1;;Qui scripsit scribat
23196;1;;;;1;;Qui scripsit scribat
23197;1;;;;1;;Qui scripsit scribat
23198;1;;;;1;;Qui scripsit scribat
23199;1;;;;1;;Qui scripsit scribat
23200;1;;;;1;;Qui scripsit scribat
23201;1;;;;1;;Qui scripsit scribat
23202;1;;;;1;;Qui scripsit scribat
23203;1;;;;1;;Qui scripsit scribat
23204;1;;;;1;;Qui scripsit scribat
23205;1;;;;1;;Qui scripsit scribat
23206;1;;;;1;;Qui scripsit scribat
23207;1;;;;1;;Qui scripsit scribat
23208;1;;;;1;;Qui scripsit scribat
23209;1;;;;1;;Qui scripsit scribat
23210;1;;;;1;;Qui scripsit scribat
23211;1;;;;1;;Qui scripsit scribat
23212;1;;;;1;;Qui scripsit scribat
23213;1;;;;1;;Qui scripsit scribat
23214;1;;;;1;;Qui scripsit scribat
23215;1;;;;1;;Qui scripsit scribat
23216;1;;;;1;;Qui scripsit scribat
23217;1;;;;1;;Qui scripsit scribat
23218;1;;;;1;;Qui scripsit scribat
23219;1;;;;1;;Qui scripsit scribat
23220;1;;;;1;;Qui scripsit scribat
23221;1;;;;1;;Qui scripsit scribat
23222;1;;;;1;;Qui scripsit scribat
23223;1;;;;1;;Qui scripsit scribat
23224;1;;;;1;;Qui scripsit scribat
23225;1;;;;1;;Qui scripsit scriptabat
23226;1;;;;1;;Qui scripsit scriptum
23227;1;;;;1;;Qui scripsit scriptus
23228;1;;;;1;;Qui scripsit
23229;1;;;;1;;Qui scripsit sit benedictus
23230;1;;;;1;;Qui scripsit sit benedictus
23231;1;;;;1;;Qui scripsit sit sanus
23232;1;;;;1;;Qui scripsit sit semper benedictus
23233;1;;;;1;;Qui scricit
23234;1;;;;1;;Qui scripsit valeat
23235;1;;;;1;;Qui scripsit valeat
23236;1;;;;1;;Qui scripsit valeat
23237;1;;;;1;;Qui scripsit valeat
23238;1;;;;1;;Qui scripsit vitam
23239;1;;;;1;;Qui scripsit vitam
23240;1;;;;1;;Qui scripsit vivat 
23241;1;;;;1;;Qui scripsit vivat 
23242;;;1;;;1;
23243;;;1;;1;;
23244;;;1;;1;;
23245;;;1;;1;;
23246;;;1;;1;;
23247;;;1;;1;;
23248;;;1;;1;;
23249;;;1;;1;;
23250;;;1;;1;;
23251;;;1;;1;;
23252;;;1;;1;;
23253;;;1;;1;;
23254;;;1;;1;;
23255;;;1;;1;;
23256;1;;;1400-t;1;;Qui scrisit scribat
23257;1;;;1300-t;1;;Quis (!) hoc scribebat
23258;1;;;1300-t;1;;Qui scripsit hunc librum
23259;1;;;1400-t;;;Quis scripsit scripta
23260;;;1;;1;;
23261;;;1;;1;;
23262;;;1;;1;;
23263;;;1;;1;;
23264;;;1;;1;;
23265;;;1;;1;;
23266;;;1;;1;;
23267;;;1;;1;;
23268;;;1;;1;;
23269;;;1;;1;;
23270;1;;;1400-t;1;;
23271;;;1;;1;;
23272;;;1;;1;;
23273;;;1;;1;;
23274;;;1;;1;;
23275;;;1;;1;;
23276;;;1;;1;;
23277;1;;;1000-t;1;;Qud prior erravit scriptor
23278;1;;;;1;;Detur pro pena scriptori pulchra puella
23279;;;1;;1;;
23280;;;1;;1;;
23281;;;1;;;1;
23282;;;1;;1;;
23283;;;1;;1;;
23284;;;1;;1;;
23285;;;1;;1;;
23286;;;1;;1;;
23287;;;1;;1;;
23288;;;1;;1;;
23289;;;1;;1;;
23290;1;;;1200-t;1;;Scriptoris libri maculas
23291;;;1;;1;;
23292;;;1;;1;;
23293;;1;;1505;1;1;Ein swester die regel geschriben hat … in Convent in Eger
23294;;;1;;1;;
23295;;;1;;1;;
23296;;;1;;1;;
23297;;;1;;1;;
23298;;;1;;1;;
23299;;;1;;;1;
23300;;;1;;1;;
23301;;;1;;1;;
23302;;;1;;1;;
23303;1;;;1479;1;;Rogate deum pro scriptore
23304;;;1;;1;;
23305;;;1;;1;;
23306;;;1;;1;1;
23307;;;1;;1;1;
23308;1;;;1300-t;1;;scriptor sit crimine liber
23309;;;1;;1;;
23310;;;1;;1;;
23311;1;;;1400-t;1;;ut det scriptori pro pena gaudia celi
23312;1;;;1270;1;;ut det scriptori pro pena gaudia celi
23313;1;;;1428;1;;ut det scriptori pro pena gaudia celi
23314;;;1;;;1;
23315;;;1;;;1;
23316;;;1;;;1;
23317;;;1;;1;;
23318;;;1;;1;;
23319;;;1;;1;;
23320;;;1;;1;;
23321;;;1;;1;;
23322;;;1;;1;;
23323;;;1;;1;;
23324;;;1;;1;;
23325;;;1;;1;;
23326;;;1;;1;;
23327;1;;;1400-t;1;;qui scripsit sit benedictus
23328;;;1;;1;;
23329;1;;;1200-t;1;;ludere scriptor eat
23330;;;1;;1;;
23331;;;1;;1;;
23332;;;1;;1;;
23333;;;1;;1;;
23334;1;;;1200-t;1;;sit scriptor crimine liber
23335;;;1;;1;;
23336;;;1;;1;;
23337;;;1;;1;;
23338;1;;;1300-t;1;;Sanitatem scriptori
23339;;;1;;;1;
23340;;;1;;1;;
23341;1;;;1400-t;1;;scriptum fuit per scriptorem ignorantem
23342;;;1;;1;;
23343;;;1;;1;;
23344;;;1;;1;;
23345;;;1;;1;;
23346;;;1;;1;;
23347;;;1;;1;;
23348;;;1;;1;;
23349;;;1;;1;;
23350;;;1;;1;;
23351;;;1;;1;;
23352;;;1;;1;;
23353;;;1;;1;;
23354;;;1;;1;;
23355;1;;;1443;1;;scripta per me scriptorem
23356;1;;;900-t;1;;Laus est scriptori
23357;;;1;;1;;
23358;1;;;1300-t;1;;Anima scriptoris benedicta sit
23359;1;;;1300-t;1;;qui scripsit est homo liber
23360;1;;;1200-t;1;;scriptor sit a crimine liber
23361;1;;;1200-t;1;;scriptor sit crimine liber
23362;;;1;;1;;
23363;;;1;;1;;
23364;;;1;;1;;
23365;;;1;;1;;
23366;;;1;;1;;
23367;1;;;1478;1;;Orate pro eo
23368;;;1;;1;;
23369;1;;;1465;1;;Scriptor finem dedit
23370;1;;;1472;1;;Scriptor habet
23371;1;;;1200-t;1;;Scriptor in studio
23372;1;;;1200-t;1;;Scriptor laudetur
23373;1;;;1100-t;1;;Scriptor libri veniam
23374;1;;;1400-t;1;;Scriptor mente pia
23375;1;;;1436;1;;Scriptor mente pia
23376;1;;;1400-t;1;;Scriptor mente pia
23377;1;;;1300-t;1;;Scriptor opus siste
23378;1;;;;1;;Scriptor opus siste
23379;1;;;;1;;Scriptor pro labore
23380;1;;;;1;;Scriptor qui scripsit
23381;1;;;;1;;Scriptor qui scripsit
23382;1;;;;1;;Scriptor qui scripsit
23383;1;;;;1;;Scriptor qui scripsit
23384;1;;;;1;;Scriptor qui scripsit
23385;1;;;;1;;Scriptor qui scripsit
23386;1;;;;1;;Scriptor qui scripsit
23387;1;;;;1;;Scriptor qui scripsit
23388;1;;;;1;;Scriptor qui scripsit
23389;1;;;;1;;Scriptor qui scripsit
23390;1;;;;1;;Scriptor qui scripsit
23391;1;;;;1;;Scriptor qui scripsit
23392;1;;;;1;;Scriptor recepit
23393;1;;;;1;;Scriptor scribebat
23394;1;;;;1;;Scriptor scripsisset
23395;1;;;;1;;Scriptor scripsisset
23396;1;;;;1;;Scriptor scripsisset
23397;1;;;;1;;Scriptor scripsisset
23398;1;;;;1;;Scriptor scripsisset
23399;1;;;;1;;Scriptor scripsisset
23400;1;;;;1;;Scriptor scripsisset
23401;1;;;;1;;Scriptor scriptorem
23402;1;;;;1;;Scriptor sum
23403;1;;;;1;;Scriptor sum
23404;1;;;;1;;Scriptor sum
23405;1;;;;1;;Scriptorem lauda
23406;1;;;;1;;Scriptorem libri
23407;1;;;;1;;Scriptorem libri
23408;1;;;;1;;Scriptorem libri
23409;1;;;;1;;Scriptori detur
23410;1;;;;1;;Scriptori detur
23411;1;;;;1;;Scriptori magnum
23412;1;;;;1;;Scriptori merces
23413;1;;;;1;;Scriptori merces
23414;1;;;;1;;Scriptori merita
23415;1;;;;1;;Scriptori munus
23416;1;;;;1;;Scriptori munus
23417;1;;;;1;;Scriptori munus
23418;1;;;;1;;Scriptori munus
23419;1;;;;1;;Scriptori munus
23420;1;;;;1;;Scriptori pro 
23421;1;;;;1;;Scriptori pro 
23422;1;;;;1;;Scriptori pro 
23423;1;;;;1;;Scriptori pro 
23424;1;;;;1;;Scriptori pro 
23425;1;;;;1;;Scriptori pro 
23426;1;;;;1;;Scriptori proficiant
23427;1;;;;1;;Scriptori requiem
23428;1;;;;1;;Scriptori requies
23429;1;;;;1;;Scriptori veniam
23430;1;;;;1;;Scriptori vita
23431;1;;;;1;;Scribtori anima
23432;1;;;;1;;Scriptoris dona
23433;1;;;;1;;Scriptoris merces
23434;1;;;;1;;Scriptoris miseri
23435;1;;;;1;;Scriptoris munus
23436;1;;;;1;;Scriptoris munus
23437;1;;;;1;;Scriptoris munus
23438;1;;;;1;;Scriptoris munus
23439;1;;;;1;;Scriptoris nomen
23440;;1;;;1;;Scriptricem libri benedicat dextera xpi
23441;;;1;;;1;
23442;;;1;;1;;
23443;;;1;;1;;
23444;;;1;;;1;
23445;;;1;;1;;
23446;;;1;;1;;
23447;1;;;1100-t;1;;Servus sancte tuus hunc librum do tibi alumnus
23448;1;;;1385;1;;qui scripsit sit benedictus
23449;;;1;;1;;
23450;;;1;;1;;
23451;1;;;1400-t;1;;Si erravit scriptor
23452;;;1;;1;;
23453;1;;;13-1400-t;1;;culpam reiiciat in exemplar, non in scriptorem
23454;1;;;;1;;Scriptoris anime
23455;;;1;;1;;
23456;;;1;;1;;
23457;;;1;;1;;
23458;;;1;;1;;
23459;;;1;;1;;
23460;;;1;;1;;
23461;;;1;;1;;
23462;;;1;;1;;
23463;1;;;1300-t;1;;
23464;;;1;;1;;
23465;;;1;;1;;
23466;;;1;;1;;
23467;;;1;;1;;
23468;;;1;;1;;
23469;;;1;;1;;
23470;;;1;;1;;
23471;1;;;1300-t;1;;
23472;;;1;;;1;
23473;;;1;;;1;
23474;;;1;;1;;
23475;1;;;1400-t;1;;Sic et ego scriptor huius libri
23476;;;1;;1;;
23477;;;1;;1;;
23478;;;1;;1;;
23479;1;;;1300-t;1;;qui scripsit sit benedictus
23480;;;1;;1;;
23481;;;1;;1;;
23482;;;1;;1;;
23483;;;1;;1;;
23484;1;;;1200-t;1;;sic desiderat scriptor librum finire
23485;1;;;1400;1;;Sicut et ego scriptor huius libri
23486;1;;;1100-t;1;;Sic scriptor ad terminum libri
23487;1;;;800-t;1;;ita scriptor ad ultimum versum
23488;1;;;11-1200-t;1;;ita scriptori novissimus versus
23489;1;;;1500-t;1;;ita scriptori ultimus versus 
23490;;;1;;1;;
23491;1;;;1200-t;1;;Scriptor novissimis versibus
23492;1;;;6-700-t;1;;Sit scriptori novissimus versus
23493;1;;;800-t;1;;Ita scriptori novissimus versus
23494;1;;;700;1;;Sic et scriptori novissimus versus
23495;1;;;1500-t;1;;Ita scriptor desiderat librum finire
23496;;;1;;1;;
23497;1;;;1000-t;1;;Signum manibus scriptoris
23498;1;;;1500-t;;1;Per modum scriptoris
23499;;;1;;1;;
23500;;;1;;1;;
23501;;;1;;1;;
23502;;;1;;1;;
23503;;;1;;1;;
23504;1;;;1300-t;1;;Qui scripsit scribat
23505;;;1;;1;;
23506;1;;;1300-t;1;;Oret pro scriptore
23507;1;;;1200-t;1;;Sit felix scriptor 
23508;;;1;;1;;
23509;;;1;;1;;
23510;;;1;;1;;
23511;;;1;;1;1;
23512;;;1;;1;;
23513;;;1;;1;;
23514;;;1;;1;;
23515;;;1;;1;;
23516;;;1;;1;;
23517;;;1;;1;;
23518;;;1;;1;;
23519;;;1;;1;;
23520;;;1;;1;;
23521;;;1;;1;;
23522;;;1;;1;;
23523;;;1;;1;;
23524;;;1;;1;;
23525;;;1;;1;;
23526;;;1;;1;;
23527;;;1;;1;;
23528;;;1;;1;;
23529;;;1;;1;;
23530;;;1;;1;;
23531;;;1;;1;;
23532;;;1;;1;;
23533;;;1;;1;;
23534;;;1;;1;;
23535;;;1;;1;;
23536;;;1;;1;;
23537;;;1;;1;;
23538;;;1;;1;;
23539;;;1;;1;;
23540;;;1;;1;;
23541;;;1;;1;;
23542;;;1;;1;;
23543;;;1;;1;;
23544;;;1;;1;;
23545;;;1;;1;;
23546;1;;;1300-t;1;;Qui scripsit scribat
23547;;;1;;1;;
23548;;;1;;1;;
23549;;;1;;1;;
23550;;;1;;1;;
23551;;;1;;1;;
23552;;;1;;1;;
23553;;;1;;1;;
23554;;;1;;1;;
23555;;;1;;1;;
23556;1;;;;1;;
23557;;;1;;1;;
23558;1;;;1447;1;;Et eodem anno completus est scriptori
23559;;;1;;1;;
23560;;;1;;1;;
23561;;;1;;1;;
23562;1;;;1300-t;1;;Sit scriptor sanus
23563;;;1;;1;;
23564;1;;;1300-t;1;;Sit scriptor sanus
23565;;;1;;1;;
23566;;;1;;1;;
23567;;;1;;1;;
23568;;;1;;1;;
23569;;;1;;1;;
23570;;;1;;1;;
23571;;;1;;1;;
23572;1;;;1200-t;1;;ludere scriptor eat
23573;;;1;;1;;
23574;;;1;;1;;
23575;;;1;;1;;
23576;;;1;;1;;
23577;;;1;;1;;
23578;;;1;;1;;
23579;;;1;;1;;
23580;;;1;;1;;
23581;;;1;;1;;
23582;;;1;;1;;
23583;;;1;;1;;
23584;;;1;;1;;
23585;;;1;;;1;
23586;1;;;;1;;Sorte beatorum scriptor
23587;1;;;;1;;Sorte beatorum scriptor
23588;;;1;;1;;
23589;1;;;13-1400-t;1;;Sorte supernorum scriptor
23590;;;1;;1;;
23591;1;;;;1;;Sorte supernorum scriptor
23592;1;;;;1;;Sorte supernorum scriptor
23593;1;;;;1;;Sorte supernorum scriptor
23594;1;;;;1;;Sorte supernorum scriptor
23595;;;1;;;1;
23596;;;1;;1;;
23597;;;1;;;1;
23598;;1;;1500-t;;1;Sprecht der schreiberin ein Ave Maria
23599;;;1;;1;;
23600;;;1;;1;;
23601;;;1;;1;;
23602;;;1;;1;;
23603;;;1;;;1;
23604;;;1;;1;;
23605;;;1;;1;;
23606;1;;;1100-t;1;;Sum scriptor talis
23607;1;;;1200-t;1;;Sum scriptor talis
23608;1;;;1503;1;;Sum scriptor talis
23609;1;;;1200-t;1;;Sum scriptor talis
23610;1;;;1300-t;1;;Sum scriptor talis
23611;1;;;1300-t;1;;Sum scriptor talis
23612;;;1;;1;;
23613;;;1;;1;;
23614;;;1;;1;;
23615;;;1;;;1;
23616;;;1;;1;;
23617;;;1;;1;;
23618;;;1;;1;;
23619;1;;;800-t;1;;…vocatus, indignus clericus, scripsi
23620;;;1;;1;;
23621;;;1;;1;;
23622;;;1;;1;;
23623;;;1;;1;;
23624;1;;;1400-t;1;;Scriptorique pia sit 
23625;;;1;;1;;
23626;;;1;;;1;
23627;;;1;;;1;
23628;;;1;;1;1;
23629;;;1;;1;1;
23630;;;1;;;1;
23631;;;1;;;1;
23632;;;1;;;1;
23633;;;1;;;1;
23634;;;1;;1;1;
23635;;;1;;1;;
23636;;;1;;;1;
23637;;;1;;1;;
23638;;;1;;1;;
23639;;;1;;1;;
23640;;;1;;1;;
23641;;;1;;1;;
23642;;;1;;1;;
23643;;;1;;1;;
23644;1;;;11-1200-t;1;;scriptor opus
23645;;;1;;1;;
23646;1;;;1200-t;1;;Ut pro scriptore 
23647;;;1;;1;;
23648;;;1;;1;;
23649;;;1;;1;;
23650;;;1;;1;;
23651;;;1;;1;;
23652;;;1;;1;;
23653;;;1;;1;;
23654;;;1;;1;;
23655;;;1;;1;;
23656;;;1;;1;;
23657;;;1;;1;;
23658;;;1;;1;;
23659;;;1;;1;;
23660;;;1;;1;;
23661;;;1;;1;;
23662;;;1;;1;;
23663;;;1;;1;;
23664;;;1;;1;;
23665;;;1;;;1;
23666;;;1;;;1;
23667;;;1;;1;;
23668;;;1;;1;;
23669;;;1;;;1;
23670;;;1;;1;1;
23671;;;1;;1;;
23672;;;1;;1;;
23673;;;1;;1;;
23674;;;1;;1;;
23675;;;1;;1;;
23676;;;1;;1;;
23677;;;1;;;1;
23678;;;1;;;1;
23679;;;1;;1;1;
23680;;;1;;;1;
23681;;;1;;1;;
23682;;;1;;1;;
23683;;;1;;1;;
23684;;;1;;1;;
23685;1;;;;1;;Qui scripsit scripta
23686;;;1;;1;;
23687;;;1;;1;;
23688;;;1;;1;;
23689;;;1;;1;;
23690;;;1;;;1;
23691;;;1;;;1;
23692;1;;;1451;1;;quod male scripsit scriptor
23693;;;1;;1;;
23694;1;;;1375;1;;scriptori da veniam
23695;;;1;;1;;
23696;1;;;1410;1;;obsecro scriptoris
23697;1;;;1500-t;1;;Regni celestis scriptorem participem fac
23698;;;1;;1;;
23699;;;1;;1;;
23700;;;1;;1;;
23701;1;;;1256;1;;Qui scripsit scribat
23702;;;1;;1;;
23703;1;;;1300-t;1;;non propter scriptori
23704;;;1;;;1;
23705;;1;;1400-t;;1;Ich beger von allen swestern, die sich disses puechleins ler pestern
23706;;;1;;;1;
23707;;;1;;;1;
23708;;;1;;;1;
23709;;;1;;1;;
23710;;;1;;;1;
23711;;;1;;1;;
23712;;;1;;1;;
23713;;;1;;1;;
23714;;;1;;1;;
23715;1;;;1400-t;1;;Sic posttergato libro scriptor recreatur
23716;;;1;;1;;
23717;1;;;1568;1;;Sic scriptor viso
23718;;;1;;1;;
23719;1;;;1000-t;1;;Sic sacro calamo scriptor sulcante libellos
23720;;;1;;1;;
23721;;;1;;1;;
23722;;;1;;1;;
23723;;;1;;1;;
23724;;;1;;1;;
23725;;;1;;1;;
23726;;;1;;1;;
23727;;;1;;1;;
23728;;;1;;1;;
23729;;;1;;1;;
23730;;;1;;1;;
23731;;;1;;1;;
23732;1;;;;1;;Valeat qui scripsit
23733;;;1;;1;;
23734;;;1;;1;;
23735;;;1;;1;;
23736;;;1;;1;;
23737;;;1;;1;;
23738;;;1;;1;;
23739;1;;;1400-t;1;;Vere scriptor
23740;1;;;1400-t;1;;saltat scriptor pede leto
23741;;;1;;;1;
23742;1;;;1300-t;1;;Vini (!) scriptori
23743;1;;;1300-t;1;;Vinum scriptori
23744;1;;;1344;1;;Vinum scriptori
23745;1;;;1364;1;;Vinum scriptori
23746;1;;;1300-t;1;;Vinum scriptori
23747;1;;;1331;1;;Vinum scriptori
23748;1;;;1400-t;1;;Vinum scriptori
23749;1;;;1200-t;1;;Vinum scriptori
23750;1;;;1200-t;1;;Vinum scriptori
23751;1;;;1300-t;1;;Vinum scriptori
23752;1;;;1300-t;1;;Scriptori prece pia
23753;;;1;;1;;
23754;;;1;;1;;
23755;;;1;;1;;
23756;;;1;;1;;
23757;;;1;;1;;
23758;;;1;;1;;
23759;;;1;;1;;
23760;;;1;;;1;
23761;;;1;;1;;
23762;1;;;800-t;1;;Vivat scriptor
23763;;;1;;1;;
23764;;;1;;;1;
23765;1;;;1200-t;1;;Assit principio pulchra puella meo
23766;1;;;;1;;Vos pro scriptore xpi rogetis amore
23767;1;;;1160;1;;Fer prece scriptori veniam
23768;;;1;;1;;
23769;;;1;;;1;
23770;;;1;;;1;
23771;;;1;;;1;
23772;;;1;;;1;
23773;;;1;;;1;
23774;;;1;;;1;
